path,ok,error,total_lines,nonblank_lines,sloc
SemBench/data/loop3_1000/code/000-1178_clang_algorithm_select-sort.c,True,,85,85,85
SemBench/data/loop3_1000/code/000-13526_B_17_lubomir_homework_3_task_5.c,True,,15,15,15
SemBench/data/loop3_1000/code/000-138_0041_first_missing_positive_missing_positive.c,True,,38,38,38
SemBench/data/loop3_1000/code/000-18548_Prims_Algorithm_Prims_Algorithm.c,True,,139,139,139
SemBench/data/loop3_1000/code/000-28461_Algorithms_Sorting_selectionSort.c,True,,35,35,35
SemBench/data/loop3_1000/code/000-33530_find_longest_common_prefix_for_array_of_strings_find_longest_common_prefix_for_array_of_strings.c,True,,77,77,77
SemBench/data/loop3_1000/code/000-5063_tests_07_phases_omp.dg_common_c_success_new_udr_02.c,True,,26,26,26
SemBench/data/loop3_1000/code/000-571_string_split.c,True,,45,45,45
SemBench/data/loop3_1000/code/001-21665_CLearning_CPrimerPlus_chap10_rain.c,True,,34,34,34
SemBench/data/loop3_1000/code/002-2681_Chapter_5_5_10_5_10.c,True,,89,89,89
SemBench/data/loop3_1000/code/002-5209_libgomp_testsuite_libgomp.c-c++-common_simd-17.c,True,,67,67,67
SemBench/data/loop3_1000/code/003-1451_examples_38_wifiscope_toflash.c,True,,61,61,61
SemBench/data/loop3_1000/code/003-19338_Manual_test-cases_examples_chill_swim.c,True,,140,140,140
SemBench/data/loop3_1000/code/003-27981_lcthw_ex15_ex15.c,True,,31,31,31
SemBench/data/loop3_1000/code/003-34255_insertion_sort_insertion_sort.c,True,,24,24,24
SemBench/data/loop3_1000/code/003-7576_tests_csmith_rand52.c,True,,2707,2707,2707
SemBench/data/loop3_1000/code/003-9694_problems_C_quotes.c,True,,38,38,38
SemBench/data/loop3_1000/code/004-3379_Linux_Tools_CShuffle_CShuffle.c,True,,60,60,60
SemBench/data/loop3_1000/code/004-35532_kr_knr_5_5.c,True,,51,51,51
SemBench/data/loop3_1000/code/004-6160_labs_06_peterson.c,True,,44,44,44
SemBench/data/loop3_1000/code/005-595_string_word_length.c,True,,50,50,50
SemBench/data/loop3_1000/code/005-8796_0300_longest_increasing_subsequence_lis.c,True,,36,36,36
SemBench/data/loop3_1000/code/006-17287_libgomp_testsuite_libgomp.c-c++-common_pr66199-12.c,True,,52,52,52
SemBench/data/loop3_1000/code/006-17926_2_burger.c,True,,119,119,119
SemBench/data/loop3_1000/code/006-27446_kLargestNumber_Heap2.c,True,,97,97,97
SemBench/data/loop3_1000/code/006-29585_excercise16_matrixchain.c,True,,59,59,59
SemBench/data/loop3_1000/code/006-34039_poc_strtok_main.c,True,,70,70,70
SemBench/data/loop3_1000/code/007-30460_Sorting_Quick_Sort_rand_quicksort.c,True,,59,59,59
SemBench/data/loop3_1000/code/007-34042_tools_dtep2txt.c,True,,35,35,35
SemBench/data/loop3_1000/code/008-14731_homework_hw13_list_errors.c,True,,129,129,129
SemBench/data/loop3_1000/code/008-15986_pthread-race_race.c,True,,28,28,28
SemBench/data/loop3_1000/code/008-23844_c_27_remove_element.c,True,,41,41,41
SemBench/data/loop3_1000/code/008-4007_reverseWordsInSentence_reverse_words_in_a_sentence_V1.c,True,,56,56,56
SemBench/data/loop3_1000/code/008-6076_not-ready-for-prime-time_machinebits.c,True,,76,76,76
SemBench/data/loop3_1000/code/009-20916_bubble_sort.c,True,,24,24,24
SemBench/data/loop3_1000/code/009-23783_gdb_testsuite_gdb.octeon_hwib-1.c,True,,20,20,20
SemBench/data/loop3_1000/code/009-28076_graphics_VTK-7.0.0_Utilities_OutputWindowProcess_vtkEncodeExecutable.c,True,,74,74,74
SemBench/data/loop3_1000/code/009-33122_soal4.c,True,,32,32,32
SemBench/data/loop3_1000/code/009-657_src_dsa_queens.c,True,,201,201,201
SemBench/data/loop3_1000/code/010-15863_2_2.20.c,True,,77,77,77
SemBench/data/loop3_1000/code/010-28783_gcc_testsuite_gcc.dg_builtin-object-size-16.c,True,,127,127,127
SemBench/data/loop3_1000/code/010-5503_C_kata_hash_hash.c,True,,118,118,118
SemBench/data/loop3_1000/code/010-5516_src_uoj_336039.c,True,,11,11,11
SemBench/data/loop3_1000/code/010-6302_courses_lessons_sm1_05_12_List.c,True,,63,63,63
SemBench/data/loop3_1000/code/010-6796_c_berechne_porto.c,True,,20,20,20
SemBench/data/loop3_1000/code/011-11333_bf.c,True,,51,51,51
SemBench/data/loop3_1000/code/011-13835_gdb_testsuite_gdb.base_range-stepping.c,True,,50,50,50
SemBench/data/loop3_1000/code/011-28956_c_html_c_program_examples_demo6_4.c,True,,27,27,27
SemBench/data/loop3_1000/code/011-5691_detag.c,True,,36,36,36
SemBench/data/loop3_1000/code/014-25847_Pancake_Sort_Pancake_Sort.c,True,,42,42,42
SemBench/data/loop3_1000/code/015-10834_math_squre_root_compute_square_root_v1.0_squre_root.c,True,,38,38,38
SemBench/data/loop3_1000/code/015-11155_libsrc_random_mt19937ar.c,True,,121,121,121
SemBench/data/loop3_1000/code/015-27137_tests_toolchain_posix_memalign.c,True,,47,47,47
SemBench/data/loop3_1000/code/016-1174_algorithms_sorting_heapsort.c,True,,54,54,54
SemBench/data/loop3_1000/code/016-18834_w01d02_c_java_similarities_CEx.c,True,,35,35,35
SemBench/data/loop3_1000/code/016-4144_experiments_multi_dimensional_array_2.c,True,,26,26,26
SemBench/data/loop3_1000/code/017-33348_cc1_tests_test008.c,True,,13,13,13
SemBench/data/loop3_1000/code/017-9922_38_count_and_say.c,True,,52,52,52
SemBench/data/loop3_1000/code/018-30720_compiled_C_Euler_Problem-079.c,True,,147,147,147
SemBench/data/loop3_1000/code/018-3824_DATASTRUCTURE_dataSturctureHW3_dataSturctureHW3_Permutation.c,True,,72,72,72
SemBench/data/loop3_1000/code/019-31428_c_maze.c,True,,76,76,76
SemBench/data/loop3_1000/code/019-33983_c_17_letter_combinations_of_a_phone_number.c,True,,85,85,85
SemBench/data/loop3_1000/code/019-4128_c_16_3sum_closest.c,True,,69,69,69
SemBench/data/loop3_1000/code/021-21966_c_selection_sort_tutorial_selection_sort-fixed.c,True,,35,35,35
SemBench/data/loop3_1000/code/022-16256_labs_2_mtxmul-pthd.c,True,,50,50,50
SemBench/data/loop3_1000/code/022-34038_1098.c,True,,51,51,51
SemBench/data/loop3_1000/code/022-7537_sexingjuzhen.c,True,,32,32,32
SemBench/data/loop3_1000/code/023-25382_c_21.c,True,,34,34,34
SemBench/data/loop3_1000/code/024-25810_include_llvm_projects_test-suite_SingleSource_Benchmarks_BenchmarkGame_Large_fasta.c,True,,101,101,101
SemBench/data/loop3_1000/code/024-33478_CTCI_linked-lists_double_linked_list.c,True,,40,40,40
SemBench/data/loop3_1000/code/024-34157_tests_system_tests_test_cases_test_mixed-dim3.manual.ref.c,True,,60,60,60
SemBench/data/loop3_1000/code/024-9372_exercise_3-6.c,True,,47,47,47
SemBench/data/loop3_1000/code/025-24122_tests_while_test.c,True,,43,43,43
SemBench/data/loop3_1000/code/026-27888_code_mathematical-algorithms_add_polynomial_add_poly.c,True,,105,105,105
SemBench/data/loop3_1000/code/026-30385_C_BT_LeetCode0052.c,True,,70,70,70
SemBench/data/loop3_1000/code/027-20970_sort_array_having_only_zeros_ones_and_twos_sort_array_having_only_zeros_ones_and_twos.c,True,,76,76,76
SemBench/data/loop3_1000/code/027-26679_fpu-misc_finvTable.c,True,,40,40,40
SemBench/data/loop3_1000/code/028-22312_InfoEx3_1-3_ex3.c,True,,40,40,40
SemBench/data/loop3_1000/code/029-2144_B_08_Georgi_Stoilov_homework_3_task_1.c,True,,14,14,14
SemBench/data/loop3_1000/code/029-28516_tp1_4.5.c,True,,121,121,121
SemBench/data/loop3_1000/code/029-2861_revision_dynammic_google.c,True,,73,73,73
SemBench/data/loop3_1000/code/029-29333_CS261_Assignment1_src_Q1.c,True,,81,81,81
SemBench/data/loop3_1000/code/029-7074_lecture24_list_errors.c,True,,114,114,114
SemBench/data/loop3_1000/code/030-11680_TOOLS_movinfo.c,True,,267,267,267
SemBench/data/loop3_1000/code/030-1712_nfa.c,True,,305,305,305
SemBench/data/loop3_1000/code/030-31301_Book_Recursion_Problem_binarysearch.c,True,,90,90,90
SemBench/data/loop3_1000/code/030-4257_sorts_selection-sort.c,True,,24,24,24
SemBench/data/loop3_1000/code/031-10517_COP3014_Chapters_4_Exercises_8_ex4-8.c,True,,19,19,19
SemBench/data/loop3_1000/code/031-33882_c_serial_ai.c,True,,264,264,264
SemBench/data/loop3_1000/code/031-35267_tdebug-llvm_clang_test_CoverageMapping_break.c,True,,29,29,29
SemBench/data/loop3_1000/code/031-5890_tests_csmith_rand6.c,True,,1186,1186,1186
SemBench/data/loop3_1000/code/032-30455_Linked_List_Selection_Sort_Linked_List_Selection_Sort.c,True,,76,76,76
SemBench/data/loop3_1000/code/032-8472_linked_list_linkedList.c,True,,218,218,218
SemBench/data/loop3_1000/code/032-9529_c_src_problem_149.c,True,,82,82,82
SemBench/data/loop3_1000/code/033-35469_experiments_cav18_bench_spat.c,True,,46,46,46
SemBench/data/loop3_1000/code/033-5885_list_list.c,True,,105,105,105
SemBench/data/loop3_1000/code/034-20630_sudoku-generator.c,True,,144,144,144
SemBench/data/loop3_1000/code/035-13968_tests_ucc_pretty_output_for.c,True,,15,15,15
SemBench/data/loop3_1000/code/035-19822_insertion.c,True,,59,59,59
SemBench/data/loop3_1000/code/035-21581_core_software_trapgen_engine.c,True,,279,279,279
SemBench/data/loop3_1000/code/035-31522_tests_Examples_others_regex_nfa.c,True,,300,300,300
SemBench/data/loop3_1000/code/035-5031_compare_c_det_by_minor.c,True,,170,170,170
SemBench/data/loop3_1000/code/036-25518_diary_solveoutlines_advancepart_29.c,True,,59,59,59
SemBench/data/loop3_1000/code/036-35092_main.c,True,,95,95,95
SemBench/data/loop3_1000/code/037-13817_mff.cuni.cz_PRG029_strrepl.c,True,,77,77,77
SemBench/data/loop3_1000/code/037-14737_Q0543_今週のアルゴリズム：日付の2進数変換_solver.c,True,,77,77,77
SemBench/data/loop3_1000/code/037-1533_contents_bubble_sort_code_c_bubble_sort.c,True,,28,28,28
SemBench/data/loop3_1000/code/037-23608_src_b64.c,True,,230,230,230
SemBench/data/loop3_1000/code/037-28082_training_026sushi.c,True,,43,43,43
SemBench/data/loop3_1000/code/038-1789_data_structures_graph_lattice_paths.c,True,,44,44,44
SemBench/data/loop3_1000/code/038-2379_algorithms_sorting_insertion-sort_isort-gen.c,True,,77,77,77
SemBench/data/loop3_1000/code/038-26800_simple_dirname.c,True,,22,22,22
SemBench/data/loop3_1000/code/038-32540_content_articles_algorithme_structure_donnees_liste_chainee_liste_chainee.c,True,,106,106,106
SemBench/data/loop3_1000/code/040-17175_gcc_testsuite_c-c++-common_goacc_routine-3.c,True,,47,47,47
SemBench/data/loop3_1000/code/040-2332_software_benchmarks_crc.c,True,,75,75,75
SemBench/data/loop3_1000/code/040-30933_2013_mac0438_aula12-incremento-com_mutex.c,True,,43,43,43
SemBench/data/loop3_1000/code/040-32272_gcc_testsuite_consistency.vlad_layout_f-29-4-10.c,True,,28,28,28
SemBench/data/loop3_1000/code/040-34688_tests_csmith_rand84.c,True,,2553,2553,2553
SemBench/data/loop3_1000/code/042-14697_061_main.c,True,,157,157,157
SemBench/data/loop3_1000/code/042-22676_src_c1.1.c,True,,36,36,36
SemBench/data/loop3_1000/code/042-23860_serialopt_mm.1.c,True,,47,47,47
SemBench/data/loop3_1000/code/043-30992_prime_c-pthread_prime6.c,True,,96,96,96
SemBench/data/loop3_1000/code/045-12293_Algorithms_lab3_SHORTEST-PATHS.c,True,,76,76,76
SemBench/data/loop3_1000/code/045-15090_test_heapstat_example.c,True,,58,58,58
SemBench/data/loop3_1000/code/045-30604_CHTP_ex6.34.c,True,,224,224,224
SemBench/data/loop3_1000/code/046-15378_storage_aby_test_prog.c,True,,40,40,40
SemBench/data/loop3_1000/code/046-32633_2015-09-01_centroid2.c,True,,31,31,31
SemBench/data/loop3_1000/code/047-521_1_1-22.c,True,,42,42,42
SemBench/data/loop3_1000/code/047-5737_quadTree.c,True,,376,376,376
SemBench/data/loop3_1000/code/047-9792_c-work_exercises_kr_chap01_ex0121.c,True,,53,53,53
SemBench/data/loop3_1000/code/048-2293_BME301-Bioelectricity_seizure-detection_seizure-detect-static-threshold.c,True,,35,35,35
SemBench/data/loop3_1000/code/048-28583_solutions_c_src_problem-52.c,True,,58,58,58
SemBench/data/loop3_1000/code/048-28721_diary_solveoutlines_partTwo_integratePart_40.c,True,,23,23,23
SemBench/data/loop3_1000/code/048-33949_code_sorting_src_heap_sort_heap_sort.c,True,,61,61,61
SemBench/data/loop3_1000/code/048-5798_sort_selection_sort_selection_sort.c,True,,39,39,39
SemBench/data/loop3_1000/code/049-1629_source_gcc-latest_libgomp_testsuite_libgomp.c_pr66199-8.c,True,,62,62,62
SemBench/data/loop3_1000/code/050-10300_src_LinkedList.c,True,,75,75,75
SemBench/data/loop3_1000/code/050-13144_2015.02.09.unique-integers.c,True,,19,19,19
SemBench/data/loop3_1000/code/050-27718_imagebez.c,True,,70,70,70
SemBench/data/loop3_1000/code/050-33543_CLRS_dp_lcs.c,True,,51,51,51
SemBench/data/loop3_1000/code/050-7409_problems_c_writingUtilities_myMemCpy.c,True,,69,69,69
SemBench/data/loop3_1000/code/051-18203_exercises_ex13_list_errors.c,True,,129,129,129
SemBench/data/loop3_1000/code/051-26962_zoho_set_datesort.c,True,,80,80,80
SemBench/data/loop3_1000/code/051-27177_tests_regression_09-regions_16-arrayloop_rc.c,True,,48,48,48
SemBench/data/loop3_1000/code/051-28814_src_l4_pkg_valgrind_src_valgrind-3.6.0-svn_memcheck_tests_sigprocmask.c,True,,45,45,45
SemBench/data/loop3_1000/code/052-27710_examples_mandelbrotfp.c,True,,44,44,44
SemBench/data/loop3_1000/code/052-27771_exercises_ex15-1.c,True,,28,28,28
SemBench/data/loop3_1000/code/052-32676_dynamic_c_minPathSum.c,True,,96,96,96
SemBench/data/loop3_1000/code/053-21313_tests_07_phases_omp.dg_simd_mic_success_simd_08_reduction_parallel.c,True,,27,27,27
SemBench/data/loop3_1000/code/053-24035_ref_code_sort_pseudo3D.c,True,,146,146,146
SemBench/data/loop3_1000/code/053-25933_valgrind_none_tests_amd64_pcmpstr64w.c,True,,940,940,940
SemBench/data/loop3_1000/code/053-29183_c_qsort.c,True,,30,30,30
SemBench/data/loop3_1000/code/053-2982_nest_for.c,True,,23,23,23
SemBench/data/loop3_1000/code/053-31274_test_mot_detect_kern.c,True,,33,33,33
SemBench/data/loop3_1000/code/054-2468_224_basic_calculator.c,True,,92,92,92
SemBench/data/loop3_1000/code/054-30522_include_testeEscala.c,True,,67,67,67
SemBench/data/loop3_1000/code/055-11316_src_ReverseLinkedListII.c,True,,95,95,95
SemBench/data/loop3_1000/code/055-28673_Code_Other_bubble_sort.c,True,,21,21,21
SemBench/data/loop3_1000/code/055-31980_Learn-Algorithms_二叉树_4-字典树Trie_trie.c,True,,124,124,124
SemBench/data/loop3_1000/code/055-9370_headers.c,True,,219,219,219
SemBench/data/loop3_1000/code/057-27222_sid_component_bochs_vga_tests_vga-test-modes.c,True,,78,78,78
SemBench/data/loop3_1000/code/057-29144_UNIX_Exams_election.c,True,,66,66,66
SemBench/data/loop3_1000/code/057-30391_source_gcc-latest_libgomp_testsuite_libgomp.c_pr66199-3.c,True,,42,42,42
SemBench/data/loop3_1000/code/057-4922_test-code_Google_rw.c,True,,173,173,173
SemBench/data/loop3_1000/code/058-18615_0X007E.c,True,,45,45,45
SemBench/data/loop3_1000/code/059-15147_c_proto_crc.c,True,,62,62,62
SemBench/data/loop3_1000/code/059-18474_more_programming_pearls_get_prime_number_v4.c,True,,32,32,32
SemBench/data/loop3_1000/code/059-19490_A_28_Hristo_Ezekiev_Homework_3_task_3.c,True,,31,31,31
SemBench/data/loop3_1000/code/059-32830_midi.c,True,,313,313,313
SemBench/data/loop3_1000/code/060-10056_ray.c,True,,93,93,93
SemBench/data/loop3_1000/code/060-24078_benchmarks_10.c,True,,46,46,46
SemBench/data/loop3_1000/code/060-31221_4Functions_exercise1.c,True,,48,48,48
SemBench/data/loop3_1000/code/060-6840_ArraySerialisationPtrArithmetics.c,True,,13,13,13
SemBench/data/loop3_1000/code/060-9264_00_c_language_reverse.c,True,,37,37,37
SemBench/data/loop3_1000/code/061-30115_clang_size_struct-size.c,True,,102,102,102
SemBench/data/loop3_1000/code/061-9306_set_qf_union.c,True,,66,66,66
SemBench/data/loop3_1000/code/062-20789_doesnotworkyet_randompermute.c,True,,34,34,34
SemBench/data/loop3_1000/code/063-33874_leet_328_odd_even_linked_list.c,True,,61,61,61
SemBench/data/loop3_1000/code/064-18053_133_clone_graph.c,True,,70,70,70
SemBench/data/loop3_1000/code/064-32238_valgrind-3.10.1_none_tests_amd64_avx2-1.c,True,,1252,1252,1252
SemBench/data/loop3_1000/code/064-33135_gcc_testsuite_gcc.dg_bitfld-4.c,True,,27,27,27
SemBench/data/loop3_1000/code/065-9063_yuuai_konyaku2.c,True,,19,19,19
SemBench/data/loop3_1000/code/067-16008_12.c,True,,23,23,23
SemBench/data/loop3_1000/code/067-18901_c_code_dfa0.c,True,,379,379,379
SemBench/data/loop3_1000/code/067-8068_scripts_cquote.c,True,,108,108,108
SemBench/data/loop3_1000/code/068-16729_tests_gcc.c-torture_postmod-1.c,True,,41,41,41
SemBench/data/loop3_1000/code/068-6842_C_problem83_main.c,True,,168,168,168
SemBench/data/loop3_1000/code/069-23369_cracking_the_coding_interview_chapter_01_reverse.c,True,,35,35,35
SemBench/data/loop3_1000/code/069-26456_diary_solveoutlines_stage_test_week1_1418-1419-1420_04.c,True,,47,47,47
SemBench/data/loop3_1000/code/069-32335_arrays.c,True,,24,24,24
SemBench/data/loop3_1000/code/069-3545_algorithm_greed_kruskal_graph.c,True,,96,96,96
SemBench/data/loop3_1000/code/069-3579_language_c_storage_int.c,True,,73,73,73
SemBench/data/loop3_1000/code/069-392_Anomalies_Decompiling_zipper.c,True,,35,35,35
SemBench/data/loop3_1000/code/069-4142_ex9.c,True,,20,20,20
SemBench/data/loop3_1000/code/070-11205_insertionsort.c,True,,34,34,34
SemBench/data/loop3_1000/code/070-11338_prime_prime10trillions.c,True,,88,88,88
SemBench/data/loop3_1000/code/070-23488_A_24_Petar_Petrov_homework_4_christmas_tree.c,True,,26,26,26
SemBench/data/loop3_1000/code/070-34468_Strings_reverse_inplace.c,True,,37,37,37
SemBench/data/loop3_1000/code/071-31449_A_03_Antonio_Mindov_homework_4_christmas_tree.c,True,,26,26,26
SemBench/data/loop3_1000/code/071-7273_third_party_llvm_openmp_runtime_test_tasking_bug_36720.c,True,,19,19,19
SemBench/data/loop3_1000/code/072-14730_DS_DS_linked-list_reverse_pair.c,True,,88,88,88
SemBench/data/loop3_1000/code/072-16749_Chapter5_ex05_26.c,True,,37,37,37
SemBench/data/loop3_1000/code/072-23838_gcc_testsuite_consistency.vlad_layout_f-1-21-31.c,True,,28,28,28
SemBench/data/loop3_1000/code/072-33186_e2_e1.c,True,,20,20,20
SemBench/data/loop3_1000/code/072-33886_src_memory_debug_test_clib.c,True,,39,39,39
SemBench/data/loop3_1000/code/072-6928_source_gcc-latest_libgomp_testsuite_libgomp.oacc-c-c++-common_kernels-loop-clauses.c,True,,45,45,45
SemBench/data/loop3_1000/code/073-18189_uloha-5-1.c,True,,85,85,85
SemBench/data/loop3_1000/code/073-19703_single_link.c,True,,280,280,280
SemBench/data/loop3_1000/code/073-21870_codes_catalan_bottomup.c,True,,20,20,20
SemBench/data/loop3_1000/code/074-15185_data_struct_polynomial.c,True,,164,164,164
SemBench/data/loop3_1000/code/074-20155_source_gcc-latest_libgomp_testsuite_libgomp.c_reduction-12.c,True,,91,91,91
SemBench/data/loop3_1000/code/074-33235_learnCthehardway_ex11.c,True,,35,35,35
SemBench/data/loop3_1000/code/075-13519_tools_clang_test_CoverageMapping_macro-expansion.c,True,,21,21,21
SemBench/data/loop3_1000/code/075-2678_Q2.c,True,,14,14,14
SemBench/data/loop3_1000/code/075-29694_ejercicios_tema3_1.2.arrays.c,True,,31,31,31
SemBench/data/loop3_1000/code/075-5772_A_23_Petko_Georgiev_homework_3_task_1.c,True,,9,9,9
SemBench/data/loop3_1000/code/075-796_serialopt_mm.4.c,True,,60,60,60
SemBench/data/loop3_1000/code/076-1782_valgrind_drd_tests_pth_spinlock.c,True,,42,42,42
SemBench/data/loop3_1000/code/076-32973_examples_simple_ex1_fred.c,True,,25,25,25
SemBench/data/loop3_1000/code/077-15045_Algorithms_SpanningTrees_kruskalMST.c,True,,105,105,105
SemBench/data/loop3_1000/code/077-30413_bookasm_chap04_demo.c,True,,23,23,23
SemBench/data/loop3_1000/code/077-33768_norep.c,True,,59,59,59
SemBench/data/loop3_1000/code/078-10196_Uebungen_03_arrays_basics.c,True,,20,20,20
SemBench/data/loop3_1000/code/078-11895_stdlib_bug-strtod.c,True,,62,62,62
SemBench/data/loop3_1000/code/078-23688_uefi_gcc_gcc-4.6.3_libgomp_testsuite_libgomp.c_pr35625.c,True,,14,14,14
SemBench/data/loop3_1000/code/078-29439_tests_gcc.dg_torture_pr56488.c,True,,27,27,27
SemBench/data/loop3_1000/code/079-12806_src_C_C_lang_functions_functions_and_pointers_functions_and_multidim_array_sum_cols_and_rows.c,True,,47,47,47
SemBench/data/loop3_1000/code/079-20426_c_cla_source_04_06_22_sizeof_c.c,True,,13,13,13
SemBench/data/loop3_1000/code/079-9386_solver.c,True,,62,62,62
SemBench/data/loop3_1000/code/081-10143_C_C++_寒假练习题_补习_图_最小生成树.c,True,,60,60,60
SemBench/data/loop3_1000/code/081-24531_libgomp_testsuite_libgomp.oacc-c-c++-common_vprop.c,True,,30,30,30
SemBench/data/loop3_1000/code/081-28837_benchmarks_deputytests_perf_matxmult2.c,True,,30,30,30
SemBench/data/loop3_1000/code/082-3870_C_advance_affinity.c,True,,119,119,119
SemBench/data/loop3_1000/code/083-11861_c_NOAH_013_main.c,True,,49,49,49
SemBench/data/loop3_1000/code/083-20345_which.c,True,,38,38,38
SemBench/data/loop3_1000/code/083-9801_tests_XACC_C_shadow-reflect_reflect_array4d_dist4d_width2.c,True,,191,191,191
SemBench/data/loop3_1000/code/084-28203_threads_prio.c,True,,69,69,69
SemBench/data/loop3_1000/code/084-3831_uClibc_test_malloc_malloc.c,True,,65,65,65
SemBench/data/loop3_1000/code/084-4498_List_List_main.c,True,,110,110,110
SemBench/data/loop3_1000/code/085-33327_algorithms_math_coin_flipping.c,True,,28,28,28
SemBench/data/loop3_1000/code/085-4509_c_split_string.c,True,,50,50,50
SemBench/data/loop3_1000/code/085-7844_lecture15_list_orig.c,True,,81,81,81
SemBench/data/loop3_1000/code/086-21508_simple-examples_char-signed-unsigned.c,True,,28,28,28
SemBench/data/loop3_1000/code/086-33072_eio_test_parseints_getc.c,True,,24,24,24
SemBench/data/loop3_1000/code/086-7335_c_src_lib_libbsp_arm_nds_tools_bin2s.c,True,,106,106,106
SemBench/data/loop3_1000/code/086-946_C_programming_linkedlist_swap_by_ptr.c,True,,73,73,73
SemBench/data/loop3_1000/code/087-17549_spievatko_espievatko_prtbl_srv_new_php-5.2.5_ext_pdo_sqlite_sqlite_tool_mkkeywordhash.c,True,,441,441,441
SemBench/data/loop3_1000/code/088-33692_ds_dshome_revision_224.c,True,,62,62,62
SemBench/data/loop3_1000/code/088-6902_uefi_gcc_gcc-4.6.3_gcc_testsuite_gcc.dg_torture_builtin-math-7.c,True,,64,64,64
SemBench/data/loop3_1000/code/089-26835_wdmatch.c,True,,63,63,63
SemBench/data/loop3_1000/code/089-29092_gcc_testsuite_gcc.dg_graphite_pr83277.c,True,,39,39,39
SemBench/data/loop3_1000/code/090-16973_src_c_books_c_programming_a_modern_approach_second_edition_chapters_ch09_src_ch09pr03.c,True,,80,80,80
SemBench/data/loop3_1000/code/090-8363_exercises_ex13_list_errors.c,True,,117,117,117
SemBench/data/loop3_1000/code/090-8523_ProgrammingInC_chapter10_ex1.c,True,,26,26,26
SemBench/data/loop3_1000/code/092-21742_WorkPackage4_Excer_4_3.c,True,,62,62,62
SemBench/data/loop3_1000/code/092-33241_Lab_4_Tasks4_Task3.c,True,,33,33,33
SemBench/data/loop3_1000/code/093-29543_c_examples_binarytree_morris.c,True,,94,94,94
SemBench/data/loop3_1000/code/094-22737_thr.c,True,,43,43,43
SemBench/data/loop3_1000/code/094-35303_ex15.c,True,,39,39,39
SemBench/data/loop3_1000/code/095-11128_huffman.c,True,,98,98,98
SemBench/data/loop3_1000/code/095-27394_ch2_e02-04_squeezestr.c,True,,51,51,51
SemBench/data/loop3_1000/code/095-30153_src_libgomp_testsuite_libgomp.c_simd-17.c,True,,67,67,67
SemBench/data/loop3_1000/code/095-34076_luoxuanshuzu.c,True,,48,48,48
SemBench/data/loop3_1000/code/097-19226_build_dir_host_cmake-2.8.4_Source_kwsys_EncodeExecutable.c,True,,91,91,91
SemBench/data/loop3_1000/code/097-34782_external_valgrind_main_drd_tests_rwlock_test.c,True,,92,92,92
SemBench/data/loop3_1000/code/099-25143_basic_data-structure_3章线性表_01线性表顺序存储_List.c,True,,162,162,162
SemBench/data/loop3_1000/code/099-9438_gene_mod.c,True,,74,74,74
SemBench/data/loop3_1000/code/100-16014_gcc_testsuite_gcc.dg_torture_pr71132.c,True,,22,22,22
SemBench/data/loop3_1000/code/100-6383_benchmarks_7.c,True,,43,43,43
SemBench/data/loop3_1000/code/101-20433_c_fizzBuzz_fizzBuzz.c,True,,40,40,40
SemBench/data/loop3_1000/code/101-26593_Program2_program2.c,True,,78,78,78
SemBench/data/loop3_1000/code/101-34133_ex15_ex15.c,True,,26,26,26
SemBench/data/loop3_1000/code/102-17682_tests_csmith_rand15.c,True,,384,384,384
SemBench/data/loop3_1000/code/102-19158_data_structures_arrays_ages_in_order.c,True,,68,68,68
SemBench/data/loop3_1000/code/102-29248_helgrind_tests_tc17_sembar.c,True,,114,114,114
SemBench/data/loop3_1000/code/102-3659_gcc_testsuite_gcc.dg_pubtypes-3.c,True,,62,62,62
SemBench/data/loop3_1000/code/103-18333_chapter3_ex_3_06.c,True,,44,44,44
SemBench/data/loop3_1000/code/104-12549_Ano3_SO_set06_2a.c,True,,75,75,75
SemBench/data/loop3_1000/code/104-19880_source_gcc-latest_gcc_testsuite_gcc.dg_pr41783.c,True,,13,13,13
SemBench/data/loop3_1000/code/104-23884_C_sortColor.c,True,,34,34,34
SemBench/data/loop3_1000/code/104-34341_source_gcc-latest_libgomp_testsuite_libgomp.oacc-c-c++-common_par-loop-comb-reduction-3.c,True,,32,32,32
SemBench/data/loop3_1000/code/105-10819_algorithms_easy_middle-of-the-linked-list.c,True,,55,55,55
SemBench/data/loop3_1000/code/105-17140_select_sort.c,True,,31,31,31
SemBench/data/loop3_1000/code/105-30865_0206_reverse_linked_list_reverse_list.c,True,,54,54,54
SemBench/data/loop3_1000/code/106-4080_Lab11_carrera.c,True,,86,86,86
SemBench/data/loop3_1000/code/107-12295_kr_sortMerge.c,True,,57,57,57
SemBench/data/loop3_1000/code/107-29389_16.c,True,,44,44,44
SemBench/data/loop3_1000/code/107-3500_insertion_sort.c,True,,29,29,29
SemBench/data/loop3_1000/code/108-20148_clrs_priority_q.c,True,,62,62,62
SemBench/data/loop3_1000/code/109-16999_symmetric_AES_create_CPLEX-LP_SS_10R.c,True,,46,46,46
SemBench/data/loop3_1000/code/109-31967_algoritmos-e-logica-da-programacao_lacos_1_do_while.c,True,,19,19,19
SemBench/data/loop3_1000/code/109-7686_misc-notes_pp-cb-labs_lab-01_arraylist.c,True,,117,117,117
SemBench/data/loop3_1000/code/110-15760_exercises_ex06_list.c,True,,80,80,80
SemBench/data/loop3_1000/code/110-34175_p003.c,True,,26,26,26
SemBench/data/loop3_1000/code/111-21433_p30-39_p33.c,True,,41,41,41
SemBench/data/loop3_1000/code/111-2217_tools_sirius_fesimple_examples_stream_stream.c,True,,31,31,31
SemBench/data/loop3_1000/code/111-24357_test_c89_for-loop.c,True,,409,409,409
SemBench/data/loop3_1000/code/111-27410_tests_execute_0057-duff.c,True,,29,29,29
SemBench/data/loop3_1000/code/112-24392_tests_csmith_rand67.c,True,,88,88,88
SemBench/data/loop3_1000/code/113-10547_tools_algorithm_suffix_suffix.c,True,,159,159,159
SemBench/data/loop3_1000/code/113-27669_external_valgrind_main_memcheck_tests_malloc2.c,True,,38,38,38
SemBench/data/loop3_1000/code/114-11856_parity_parity.c,True,,30,30,30
SemBench/data/loop3_1000/code/114-12068_nsu_1050.c,True,,29,29,29
SemBench/data/loop3_1000/code/114-12226_20150518-35_20150518-35_main.c,True,,21,21,21
SemBench/data/loop3_1000/code/114-24163_basic_data-structure_4章栈与队列_arrayQueue.c,True,,151,151,151
SemBench/data/loop3_1000/code/114-25152_tools_cil-1.7.3_test_small1_matrix.c,True,,20,20,20
SemBench/data/loop3_1000/code/114-26734_lab-3_03.c,True,,30,30,30
SemBench/data/loop3_1000/code/114-28727_fizzbuzz.c,True,,119,119,119
SemBench/data/loop3_1000/code/114-31228_tests_dowhile4.c,True,,18,18,18
SemBench/data/loop3_1000/code/115-27706_IAED_LAB_09_exercicio1.c,True,,62,62,62
SemBench/data/loop3_1000/code/115-6254_Trabalho1_heap.c,True,,50,50,50
SemBench/data/loop3_1000/code/116-13509_3003.c,True,,11,11,11
SemBench/data/loop3_1000/code/117-11302_valgrind_none_tests_amd64_rcl-amd64.c,True,,128,128,128
SemBench/data/loop3_1000/code/117-21178_src_main_c_main.c,True,,33,33,33
SemBench/data/loop3_1000/code/118-21931_3_3-5.c,True,,47,47,47
SemBench/data/loop3_1000/code/118-7134_dalvik_tools_gdbjithelper_gdbjithelper.c,True,,46,46,46
SemBench/data/loop3_1000/code/118-7827_pointers_pointers.c,True,,204,204,204
SemBench/data/loop3_1000/code/119-14004_tests_XACC_C_shadow-reflect_reflect_acc_oneside.c,True,,45,45,45
SemBench/data/loop3_1000/code/119-19761_basename.c,True,,38,38,38
SemBench/data/loop3_1000/code/119-30011_exemples_chapitre-03_exemple-valgrind-01.c,True,,20,20,20
SemBench/data/loop3_1000/code/119-35344_ch06_env_env.c,True,,74,74,74
SemBench/data/loop3_1000/code/119-916_openacc_1-kernels-sum.c,True,,25,25,25
SemBench/data/loop3_1000/code/120-20428_ptto0.c,True,,60,60,60
SemBench/data/loop3_1000/code/121-13380_other_sort_shell_sort.c,True,,31,31,31
SemBench/data/loop3_1000/code/121-19637_leetcode_20191110_2.c,True,,64,64,64
SemBench/data/loop3_1000/code/122-9819_Strings_lcs2.c,True,,58,58,58
SemBench/data/loop3_1000/code/124-34771_tests_do_while.c,True,,12,12,12
SemBench/data/loop3_1000/code/124-4212_bf.min.c,True,,3,3,3
SemBench/data/loop3_1000/code/125-10001_tools_legacy_src_lc.c,True,,21,21,21
SemBench/data/loop3_1000/code/125-28080_misc_benchmarks_shootout_official_c_mandelbrot_mandelbrot.c,True,,57,57,57
SemBench/data/loop3_1000/code/125-31613_euler_euler044.c,True,,48,48,48
SemBench/data/loop3_1000/code/125-3221_C语言编程百例_基础知识篇_13_for语句输出菱形.c,True,,23,23,23
SemBench/data/loop3_1000/code/126-30881_algorithms_bst_src_bst.c,True,,307,307,307
SemBench/data/loop3_1000/code/127-1771_test_system_mt19937ar.c,True,,97,97,97
SemBench/data/loop3_1000/code/127-24050_question-bank_minimal-rotation.c,True,,38,38,38
SemBench/data/loop3_1000/code/128-11690_c1_array-counter.c,True,,16,16,16
SemBench/data/loop3_1000/code/128-22244_src_l4_pkg_valgrind_src_valgrind-3.6.0-svn_none_tests_amd64_pcmpstr64.c,True,,863,863,863
SemBench/data/loop3_1000/code/128-23043_let_us_c_solutions_8_dc.c,True,,18,18,18
SemBench/data/loop3_1000/code/129-12730_gcc_testsuite_gcc.dg_vect_vect-tail-nomask-1.c,True,,83,83,83
SemBench/data/loop3_1000/code/129-29535_0.0.3_BOOT12_makeimg.c,True,,48,48,48
SemBench/data/loop3_1000/code/129-31473_Dynamic_Programming_Knapsack_Unbounded_knapsack_problem_unbounded_knapsack.c,True,,72,72,72
SemBench/data/loop3_1000/code/129-4683_harvard-cs50_pset1_hello.c,True,,21,21,21
SemBench/data/loop3_1000/code/130-32550_test_smoke_vmuldemo_vmul.c,True,,36,36,36
SemBench/data/loop3_1000/code/130-6960_select.c,True,,42,42,42
SemBench/data/loop3_1000/code/131-10076_Trabalho1_merge.c,True,,32,32,32
SemBench/data/loop3_1000/code/131-24721_lib_asmukk_examples_mktest.c,True,,43,43,43
SemBench/data/loop3_1000/code/132-20210_data-structure_linked-list_make-linkd-list.c,True,,86,86,86
SemBench/data/loop3_1000/code/133-22326_pi.c,True,,48,48,48
SemBench/data/loop3_1000/code/133-32512_ProgrammingInC_chapter7_prblm7.c,True,,31,31,31
SemBench/data/loop3_1000/code/133-7653_test_mp_sort.c,True,,34,34,34
SemBench/data/loop3_1000/code/135-13546_extra_regex.c,True,,305,305,305
SemBench/data/loop3_1000/code/135-4145_arch_arm_mach-meson8b_tool_meson8_syspll.c,True,,188,188,188
SemBench/data/loop3_1000/code/135-7259_problem-009.c,True,,14,14,14
SemBench/data/loop3_1000/code/136-26173_Chapter03_Exercise3-03.c,True,,73,73,73
SemBench/data/loop3_1000/code/136-26910_Espiral.c,True,,46,46,46
SemBench/data/loop3_1000/code/136-3876_CS491_Program1_count3semaphor.c,True,,115,115,115
SemBench/data/loop3_1000/code/136-5694_valgrind_perf_many-loss-records.c,True,,146,146,146
SemBench/data/loop3_1000/code/137-10411_2.problem_matrixmult.c,True,,45,45,45
SemBench/data/loop3_1000/code/137-17783_src_example_calculator.c,True,,175,175,175
SemBench/data/loop3_1000/code/137-31194_function_tests_writeVariableLengthQuantity_test.c,True,,58,58,58
SemBench/data/loop3_1000/code/138-15434_Chapter-5_exercise-5-4_strend-new.c,True,,32,32,32
SemBench/data/loop3_1000/code/138-20636_18_four_sum.c,True,,82,82,82
SemBench/data/loop3_1000/code/138-235_valgrind_memcheck_tests_amd64_bt_everything.c,True,,406,406,406
SemBench/data/loop3_1000/code/138-9318_algorithms_medium_odd-even-linked-list.c,True,,63,63,63
SemBench/data/loop3_1000/code/138-9610_test.c,True,,25,25,25
SemBench/data/loop3_1000/code/139-10133_libgomp_testsuite_libgomp.oacc-c-c++-common_worker-single-6.c,True,,33,33,33
SemBench/data/loop3_1000/code/139-16356_gcc_testsuite_gcc.c-torture_compile_pr83051.c,True,,27,27,27
SemBench/data/loop3_1000/code/139-274_AlgoritmosOrdenacao_merge_m2.c,True,,64,64,64
SemBench/data/loop3_1000/code/139-2899_05race-semaphore_pc.c,True,,58,58,58
SemBench/data/loop3_1000/code/139-5385_C语言编程百例_基础知识篇_37_一维数组指针.c,True,,31,31,31
SemBench/data/loop3_1000/code/140-10222_test_large_mult.c,True,,93,93,93
SemBench/data/loop3_1000/code/140-978_hard_way_ex15.c,True,,32,32,32
SemBench/data/loop3_1000/code/141-20220_B_16_Luchezar_Ivanov_homework_4_christmas_tree.c,True,,28,28,28
SemBench/data/loop3_1000/code/141-34357_algorithm_Levenshtein.c,True,,35,35,35
SemBench/data/loop3_1000/code/142-1694_hexdump.c,True,,59,59,59
SemBench/data/loop3_1000/code/142-31845_code_backtracking_src_number_of_ways_in_maze_number_of_ways_in_maze.c,True,,60,60,60
SemBench/data/loop3_1000/code/143-2927_C_src_bubblesort.c,True,,34,34,34
SemBench/data/loop3_1000/code/143-32550_kgblog_source_code_c_Linked_list_basic_main.c,True,,88,88,88
SemBench/data/loop3_1000/code/144-17720_tests_07_phases_omp.dg_common_c_success_cv_qualifier_01.c,True,,30,30,30
SemBench/data/loop3_1000/code/144-21609_learning-pthreads_hello-world-threads.c,True,,24,24,24
SemBench/data/loop3_1000/code/144-33414_Strings_StrWordsinRev.c,True,,32,32,32
SemBench/data/loop3_1000/code/145-11251_tools_codegen_core_gen_legal_metadata_characters.c,True,,33,33,33
SemBench/data/loop3_1000/code/145-31059_test_string_strlen.c,True,,23,23,23
SemBench/data/loop3_1000/code/146-22095_merge.c,True,,102,102,102
SemBench/data/loop3_1000/code/146-31350_i.c,True,,17,17,17
SemBench/data/loop3_1000/code/146-32125_tests_openacc_atomic_atomic_update_add.c,True,,262,262,262
SemBench/data/loop3_1000/code/147-16421_basic_data-structure_4章栈与队列_doubleStack.c,True,,93,93,93
SemBench/data/loop3_1000/code/148-17997_bruteforce.c,True,,22,22,22
SemBench/data/loop3_1000/code/148-25627_language_C_郭文彬_bubble_sort.c,True,,37,37,37
SemBench/data/loop3_1000/code/149-14132_tests_gcc.c-torture_pr28982b.c,True,,48,48,48
SemBench/data/loop3_1000/code/149-21282_rubbish_test2_41.c,True,,32,32,32
SemBench/data/loop3_1000/code/149-4330_c_42_trapping_rain_water.c,True,,51,51,51
SemBench/data/loop3_1000/code/150-12479_test_c89_use-array.c,True,,187,187,187
SemBench/data/loop3_1000/code/150-8647_algorithms_search_closest_numbers.c,True,,99,99,99
SemBench/data/loop3_1000/code/151-19659_gmime_gen-table.c,True,,162,162,162
SemBench/data/loop3_1000/code/152-1205_Chapter7_ex07_16.c,True,,64,64,64
SemBench/data/loop3_1000/code/152-18672_C_easy_e380.c,True,,12,12,12
SemBench/data/loop3_1000/code/152-25872_rubbish_6-6.c,True,,25,25,25
SemBench/data/loop3_1000/code/152-26101_ex15.c,True,,22,22,22
SemBench/data/loop3_1000/code/152-32059_src_libs_kStuff_kStuff_kProfiler2_tst.c,True,,42,42,42
SemBench/data/loop3_1000/code/153-1877_feng_asg5.c,True,,88,88,88
SemBench/data/loop3_1000/code/153-7583_algorithms_merge_sort.c,True,,51,51,51
SemBench/data/loop3_1000/code/154-15440_skel.c,True,,45,45,45
SemBench/data/loop3_1000/code/154-16714_gdb_testsuite_gdb.base_range-stepping.c,True,,50,50,50
SemBench/data/loop3_1000/code/154-22696_code_greedy_algorithms_src_kruskal_minimum_spanning_tree_kruskal.c,True,,105,105,105
SemBench/data/loop3_1000/code/154-9721_ch4_4_2_atof.c,True,,50,50,50
SemBench/data/loop3_1000/code/155-28812_ch-7_7-4.c,True,,25,25,25
SemBench/data/loop3_1000/code/155-3051_array_adhoc_product_of_Array.c,True,,21,21,21
SemBench/data/loop3_1000/code/156-9187_libgomp_testsuite_libgomp.c-c++-common_taskloop-3.c,True,,76,76,76
SemBench/data/loop3_1000/code/157-11374_0034_search_for_a_range_range_search.c,True,,57,57,57
SemBench/data/loop3_1000/code/157-20246_math_gcd_gcd_idea5_way2_step2.c,True,,43,43,43
SemBench/data/loop3_1000/code/157-26353_Level3_add_prime_sum_add_prime_sum.c,True,,69,69,69
SemBench/data/loop3_1000/code/157-35010_Sorting_Bubble_Sort_bubblesort.c,True,,39,39,39
SemBench/data/loop3_1000/code/157-9342_lecture03_stack.c,True,,34,34,34
SemBench/data/loop3_1000/code/158-10919_0x01-variables_if_else_while_102-print_comb5.c,True,,41,41,41
SemBench/data/loop3_1000/code/158-22630_os_InsertionTest4.c,True,,19,19,19
SemBench/data/loop3_1000/code/158-25576_c_dynamiclinkedlist.c,True,,85,85,85
SemBench/data/loop3_1000/code/158-7143_Graph_graph3.c,True,,82,82,82
SemBench/data/loop3_1000/code/159-10797_tests_recompilation_tests_semi.c,True,,38,38,38
SemBench/data/loop3_1000/code/159-20570_hw04_hash_hash_soln.c,True,,218,218,218
SemBench/data/loop3_1000/code/159-28080_src_nachos_test_sort.c,True,,29,29,29
SemBench/data/loop3_1000/code/159-29333_getPrimes.c,True,,38,38,38
SemBench/data/loop3_1000/code/159-7986_gcc_testsuite_consistency.vlad_layout_f-18-5-16.c,True,,28,28,28
SemBench/data/loop3_1000/code/161-15802_C_Day03_day03.c,True,,125,125,125
SemBench/data/loop3_1000/code/161-25464_imported_peter_unicode_tables_koi.c,True,,53,53,53
SemBench/data/loop3_1000/code/161-8863_linked_list.c,True,,107,107,107
SemBench/data/loop3_1000/code/162-11398_cpp_solutions_commented_disubstr.c,True,,172,172,172
SemBench/data/loop3_1000/code/163-14851_data_structures_arrays_rotate_array.c,True,,60,60,60
SemBench/data/loop3_1000/code/163-15221_labs_1_sum-pthd.c,True,,31,31,31
SemBench/data/loop3_1000/code/163-22128_code_string_algorithms_src_boyer_moore_algorithm_boyer_moore_algorithm2.c,True,,65,65,65
SemBench/data/loop3_1000/code/163-22723_source_gcc-latest_libgomp_testsuite_libgomp.oacc-c-c++-common_par-loop-comb-reduction-4.c,True,,45,45,45
SemBench/data/loop3_1000/code/163-25663_source_gcc-latest_gcc_testsuite_gcc.c-torture_execute_pr68250.c,True,,35,35,35
SemBench/data/loop3_1000/code/164-21868_cdrepo.c,True,,56,56,56
SemBench/data/loop3_1000/code/164-29382_src_C_C_lang_pointers_full_programs_find_first_occurence.c,True,,21,21,21
SemBench/data/loop3_1000/code/164-32818_APPS_crc_crc32build.c,True,,62,62,62
SemBench/data/loop3_1000/code/166-10459_src_libgomp_testsuite_libgomp.c_simd-16.c,True,,62,62,62
SemBench/data/loop3_1000/code/166-20045_easy_list_one_missing.c,True,,49,49,49
SemBench/data/loop3_1000/code/166-22924_mysrc_p138.c,True,,23,23,23
SemBench/data/loop3_1000/code/166-23696_0x01-variables_if_else_while_101-print_comb4.c,True,,32,32,32
SemBench/data/loop3_1000/code/166-32945_Bubble_Sort_C_mitogh_bubble_sort.c,True,,27,27,27
SemBench/data/loop3_1000/code/167-13403_hotels.c,True,,80,80,80
SemBench/data/loop3_1000/code/167-21035_listati_ThreadExample2.c,True,,53,53,53
SemBench/data/loop3_1000/code/167-9136_compiled_C_Euler_Problem-092.c,True,,134,134,134
SemBench/data/loop3_1000/code/168-14140_mylist.c,True,,64,64,64
SemBench/data/loop3_1000/code/168-32446_gcc_testsuite_c-c++-common_goacc_cache-2.c,True,,45,45,45
SemBench/data/loop3_1000/code/169-1688_2_2.23.c,True,,77,77,77
SemBench/data/loop3_1000/code/169-28986_main.c,True,,135,135,135
SemBench/data/loop3_1000/code/170-16771_clang_algorithm_heap-sort-2.c,True,,45,45,45
SemBench/data/loop3_1000/code/170-22338_mul_table.c,True,,70,70,70
SemBench/data/loop3_1000/code/170-26913_user_gdb_gdb_testsuite_gdb.base_branches.c,True,,101,101,101
SemBench/data/loop3_1000/code/170-27916_algortimosGrafos_componentesConexas.c,True,,145,145,145
SemBench/data/loop3_1000/code/170-30716_ch5_5-09_yearday-pointers.c,True,,55,55,55
SemBench/data/loop3_1000/code/170-32816_c_src_pe_026_recurring_cycles.c,True,,37,37,37
SemBench/data/loop3_1000/code/171-1298_src_tests_execute_llvm_objinst.c,True,,88,88,88
SemBench/data/loop3_1000/code/171-14290_Semester_1_CS501_Day7_Problem7_AlgoUnsorted.c,True,,27,27,27
SemBench/data/loop3_1000/code/171-28105_vex_test_frstor.c,True,,67,67,67
SemBench/data/loop3_1000/code/171-8715_C_algorithms_sorting_exercise.c,True,,29,29,29
SemBench/data/loop3_1000/code/171-919_030_main.c,True,,40,40,40
SemBench/data/loop3_1000/code/172-24329_synchronization_why.c,True,,22,22,22
SemBench/data/loop3_1000/code/172-5616_TP06_EJ9.c,True,,47,47,47
SemBench/data/loop3_1000/code/173-34052_0137_single_number_ii_single_number.c,True,,61,61,61
SemBench/data/loop3_1000/code/175-25095_2010-12-13_multiple_ones_c.c,True,,46,46,46
SemBench/data/loop3_1000/code/176-33998_2.c,True,,82,82,82
SemBench/data/loop3_1000/code/177-14089_0X004F.c,True,,60,60,60
SemBench/data/loop3_1000/code/177-16927_C语言编程百例_常用算法篇_78_堆排序.c,True,,60,60,60
SemBench/data/loop3_1000/code/177-19411_predictor_tests_stanford_Quicksort.c,True,,102,102,102
SemBench/data/loop3_1000/code/178-12709_vimfiles_c-support_codesnippets_double_circular_list.c,True,,165,165,165
SemBench/data/loop3_1000/code/178-12723_tp3_my_strcmp.c,True,,31,31,31
SemBench/data/loop3_1000/code/178-29266_String_to_int_C_mitogh_string_to_int.c,True,,37,37,37
SemBench/data/loop3_1000/code/178-577_libgomp_testsuite_libgomp.oacc-c-c++-common_kernels-private-vars-loop-worker-1.c,True,,26,26,26
SemBench/data/loop3_1000/code/179-2526_Algorithms_additional_ALL-PATHS.c,True,,46,46,46
SemBench/data/loop3_1000/code/179-28343_test_wasm_soft_integer_ashrti3.c,True,,17,17,17
SemBench/data/loop3_1000/code/179-31023_algorithms_sorting_quicksort_quicksort.c,True,,58,58,58
SemBench/data/loop3_1000/code/180-12962_Chapter6_ex06_30.c,True,,20,20,20
SemBench/data/loop3_1000/code/180-20508_source_gcc-latest_libgomp_testsuite_libgomp.c_pr66199-2.c,True,,49,49,49
SemBench/data/loop3_1000/code/180-2145_Algorithm_Sorting_mergeSort_test_main.c,True,,40,40,40
SemBench/data/loop3_1000/code/180-7216_video2019_8.1.c,True,,32,32,32
SemBench/data/loop3_1000/code/181-13636_duble-sort_example2.c,True,,26,26,26
SemBench/data/loop3_1000/code/181-27868_assignments_pattern.c,True,,19,19,19
SemBench/data/loop3_1000/code/182-34798_zsim-nvmain_pin_kit_source_tools_ToolUnitTests_thread_usestack.c,True,,91,91,91
SemBench/data/loop3_1000/code/182-7034_lecture15_list_haley.c,True,,89,89,89
SemBench/data/loop3_1000/code/183-19993_cprimerplus_ch10_flc.c,True,,40,40,40
SemBench/data/loop3_1000/code/183-29633_gcc_testsuite_gcc.dg_torture_pr59166.c,True,,31,31,31
SemBench/data/loop3_1000/code/184-10460_tests_openacc_update_update_array.c,True,,41,41,41
SemBench/data/loop3_1000/code/184-19357_test_durbin.c,True,,33,33,33
SemBench/data/loop3_1000/code/185-21349_scripts_fontdump.c,True,,100,100,100
SemBench/data/loop3_1000/code/185-423_tests_system_tests_test_cases_test_7-pt-double-type.manual.ref.c,True,,43,43,43
SemBench/data/loop3_1000/code/187-27667_textin.c,True,,109,109,109
SemBench/data/loop3_1000/code/187-35110_leetcode_c_005.expand.c,True,,35,35,35
SemBench/data/loop3_1000/code/188-25016_Tau_function_C_TauFunction_Source.c,True,,30,30,30
SemBench/data/loop3_1000/code/188-30938_graphusingadjacencylist.c,True,,72,72,72
SemBench/data/loop3_1000/code/189-12658_src_tst_test_random.c,True,,156,156,156
SemBench/data/loop3_1000/code/189-30214_ex11.c,True,,30,30,30
SemBench/data/loop3_1000/code/189-3794_tests_Examples_others_regex_dfa1.c,True,,416,416,416
SemBench/data/loop3_1000/code/189-6214_source_gcc-latest_libgomp_testsuite_libgomp.c_reduction-9.c,True,,69,69,69
SemBench/data/loop3_1000/code/189-6628_Array_double.c,True,,25,25,25
SemBench/data/loop3_1000/code/190-34010_bucket_sort_bucket_sort.c,True,,33,33,33
SemBench/data/loop3_1000/code/190-746_kandr_ch5_strend.c,True,,21,21,21
SemBench/data/loop3_1000/code/191-25612_source_gcc-latest_gcc_testsuite_gcc.c-torture_execute_pr69691.c,True,,116,116,116
SemBench/data/loop3_1000/code/192-33878_math_gcd_gcd_search_factor.c,True,,40,40,40
SemBench/data/loop3_1000/code/192-34945_test_string_tester.c,True,,1347,1347,1347
SemBench/data/loop3_1000/code/193-1867_source_Analysis_LatticeGraph_testmod3_test_test1.c,True,,15,15,15
SemBench/data/loop3_1000/code/194-15367_tests_30_hanoi.c,True,,60,60,60
SemBench/data/loop3_1000/code/195-23534_CS2050_before-lab_selectionSort.c,True,,29,29,29
SemBench/data/loop3_1000/code/195-35454_games_hals_end_hals_end.c,True,,120,120,120
SemBench/data/loop3_1000/code/196-10597_chp4_4_2.c,True,,46,46,46
SemBench/data/loop3_1000/code/196-21932_year1_cis2500lab2.c,True,,37,37,37
SemBench/data/loop3_1000/code/196-5055_Archive_strsort_HW3_Final.c,True,,32,32,32
SemBench/data/loop3_1000/code/196-5225_tests_system_tests_test_cases_test_7-pt-int-type.manual.ref.c,True,,43,43,43
SemBench/data/loop3_1000/code/197-23466_src_skipcpio_skipcpio.c,True,,145,145,145
SemBench/data/loop3_1000/code/197-33146_example_break_continue.c,True,,17,17,17
SemBench/data/loop3_1000/code/197-7180_src_condor_filetransfer_plugins_data_plugin.c,True,,102,102,102
SemBench/data/loop3_1000/code/198-24177_tools_babl-gen-test-pixels.c,True,,101,101,101
SemBench/data/loop3_1000/code/198-9995_src_data_structure_array.c,True,,38,38,38
SemBench/data/loop3_1000/code/199-10686_base_diff_examples_load.c,True,,36,36,36
SemBench/data/loop3_1000/code/199-24790_24_solution.c,True,,67,67,67
SemBench/data/loop3_1000/code/199-25632_EsercitazioneStruct_Esercizio3.c,True,,51,51,51
SemBench/data/loop3_1000/code/200-11833_c_sort_shell_sort.c,True,,32,32,32
SemBench/data/loop3_1000/code/200-12867_ch02_2-4.c,True,,25,25,25
SemBench/data/loop3_1000/code/200-20800_MC102_11-ordenacao.c,True,,95,95,95
SemBench/data/loop3_1000/code/200-22825_c_concolusion.c,True,,37,37,37
SemBench/data/loop3_1000/code/200-25813_experiments_autoincrement_1.c,True,,27,27,27
SemBench/data/loop3_1000/code/201-25508_tests_gcc.c-torture_20090113-1.c,True,,53,53,53
SemBench/data/loop3_1000/code/201-5606_c_40.c,True,,29,29,29
SemBench/data/loop3_1000/code/202-22646_C_UFU_GSI002_Listas_listac07_24.c,True,,20,20,20
SemBench/data/loop3_1000/code/203-10361_pmat429_programs_fermat.c,True,,18,18,18
SemBench/data/loop3_1000/code/204-9512_Funzioni_Ese2.c,True,,61,61,61
SemBench/data/loop3_1000/code/205-10995_15.5.9.c,True,,50,50,50
SemBench/data/loop3_1000/code/205-28149_src_main.c,True,,70,70,70
SemBench/data/loop3_1000/code/205-4916_CLab_C_Prog_001.c,True,,13,13,13
SemBench/data/loop3_1000/code/206-13968_src_test_strncpy_t.c,True,,191,191,191
SemBench/data/loop3_1000/code/206-296_s.c,True,,30,30,30
SemBench/data/loop3_1000/code/206-3690_tests_pth_cond_broadcast_0.c,True,,86,86,86
SemBench/data/loop3_1000/code/207-22353_include_llvm_projects_test-suite_SingleSource_Benchmarks_Stanford_Bubblesort.c,True,,99,99,99
SemBench/data/loop3_1000/code/207-29210_B_24_Plamen_Neshkov_First_Term_homework_3_task_1.c,True,,18,18,18
SemBench/data/loop3_1000/code/207-30544_src_generators_comba_mult_smallgen.c,True,,48,48,48
SemBench/data/loop3_1000/code/207-9082_CodeWars_Fundamentals_ARuleOfDivisibilityBy13_ARuleOfDivisibilityBy13.c,True,,35,35,35
SemBench/data/loop3_1000/code/208-17160_Archived_algorithms_MinNumberInRotatedArray.c,True,,66,66,66
SemBench/data/loop3_1000/code/208-21124_source_gcc-latest_gcc_testsuite_gcc.dg_torture_pr70288-1.c,True,,33,33,33
SemBench/data/loop3_1000/code/209-14264_List_createpolylist.c,True,,118,118,118
SemBench/data/loop3_1000/code/209-24623_string_search_quick_search_C_quick_search.c,True,,34,34,34
SemBench/data/loop3_1000/code/209-31963_examples_wc.c,True,,74,74,74
SemBench/data/loop3_1000/code/209-34413_c_c12.c,True,,37,37,37
SemBench/data/loop3_1000/code/210-5544_tests_examples_matrix_matrix.c,True,,28,28,28
SemBench/data/loop3_1000/code/212-16618_libgomp_testsuite_libgomp.oacc-c-c++-common_pr85486.c,True,,38,38,38
SemBench/data/loop3_1000/code/212-31823_predictor_tests_stanford_Oscar.c,True,,183,183,183
SemBench/data/loop3_1000/code/212-6960_niukewang_link_linklist.c,True,,79,79,79
SemBench/data/loop3_1000/code/213-158_leetcode_6.c,True,,36,36,36
SemBench/data/loop3_1000/code/213-3719_include_llvm_projects_test-suite_SingleSource_Benchmarks_Linpack_linpack-pc.c,True,,586,586,586
SemBench/data/loop3_1000/code/214-31821_src_Chapter-4_Sections_4.10-Recursion-2.c,True,,39,39,39
SemBench/data/loop3_1000/code/214-34455_AMS_Week08_updateBit.c,True,,31,31,31
SemBench/data/loop3_1000/code/215-10558_src_brev.c,True,,78,78,78
SemBench/data/loop3_1000/code/215-11175_src_printenv.c,True,,40,40,40
SemBench/data/loop3_1000/code/215-16716_utilities_galua2_poly1.c,True,,50,50,50
SemBench/data/loop3_1000/code/215-20993_user_gdb_gdb_testsuite_gdb.base_call-ar-st.c,True,,920,920,920
SemBench/data/loop3_1000/code/216-11929_tests_loop-1.c,True,,19,19,19
SemBench/data/loop3_1000/code/216-21631_none_tests_amd64_pcmpstr64.c,True,,1764,1764,1764
SemBench/data/loop3_1000/code/217-14108_src_contrib_base64_base64rev-gen.c,True,,43,43,43
SemBench/data/loop3_1000/code/217-1417_magicSquare.c,True,,76,76,76
SemBench/data/loop3_1000/code/218-21812_lab4_Optional_extra_credit.c,True,,19,19,19
SemBench/data/loop3_1000/code/218-25269_8.7.10.c,True,,30,30,30
SemBench/data/loop3_1000/code/218-28280_tecnicas-de-programacao_ex17-recursividade-parte-2_EX16_QUICKSORT.c,True,,39,39,39
SemBench/data/loop3_1000/code/218-34178_tests_system_tests_test_cases_test_27-pt-reduction.manual.ref.c,True,,59,59,59
SemBench/data/loop3_1000/code/219-1022_schoolworkOne_questionTwo_main.c,True,,24,24,24
SemBench/data/loop3_1000/code/219-11304_wctype_test_wcfuncs.c,True,,57,57,57
SemBench/data/loop3_1000/code/219-11588_SoftC_05_stselection2.c,True,,38,38,38
SemBench/data/loop3_1000/code/219-29499_course_1_513_1_9_lab_5_main.c,True,,20,20,20
SemBench/data/loop3_1000/code/220-9986_chapter5_ex_5_03.c,True,,34,34,34
SemBench/data/loop3_1000/code/221-16253_examples_double.c,True,,57,57,57
SemBench/data/loop3_1000/code/221-32846_orio-0.1.0_testsuite_trmm_pluto_trmm_profiling.c,True,,26,26,26
SemBench/data/loop3_1000/code/221-35103_servScr_fireData.c,True,,41,41,41
SemBench/data/loop3_1000/code/222-959_2015-09-17_csr_product.c,True,,32,32,32
SemBench/data/loop3_1000/code/224-14267_user_testbin_matmult_matmult.c,True,,38,38,38
SemBench/data/loop3_1000/code/224-22478_Dataset_c_c_statemachine.c,True,,115,115,115
SemBench/data/loop3_1000/code/224-25169_7g.c,True,,33,33,33
SemBench/data/loop3_1000/code/224-34104_csc311ComputerOrganization_lab8_lab8.c,True,,101,101,101
SemBench/data/loop3_1000/code/225-11721_tools_codegen_core_gen_percent_encoding_tables.c,True,,36,36,36
SemBench/data/loop3_1000/code/225-14400_source_gcc-latest_gcc_testsuite_c-c++-common_goacc_reduction-1.c,True,,45,45,45
SemBench/data/loop3_1000/code/225-20624_samples_fizzbuzz.c,True,,123,123,123
SemBench/data/loop3_1000/code/225-3778_empty_find.c,True,,94,94,94
SemBench/data/loop3_1000/code/226-14547_Eular_power_digit_sum.c,True,,38,38,38
SemBench/data/loop3_1000/code/226-18482_tinycc_tests_tests2_30_hanoi.c,True,,57,57,57
SemBench/data/loop3_1000/code/226-2138_LinearList_C_single_linked_list.c,True,,138,138,138
SemBench/data/loop3_1000/code/226-21714_aula23_matrizes1.c,True,,23,23,23
SemBench/data/loop3_1000/code/226-2287_roman_to_kana.c,True,,533,533,533
SemBench/data/loop3_1000/code/226-3078_ch03_control_flow_exercise_4.c,True,,35,35,35
SemBench/data/loop3_1000/code/226-5242_glibc_stdio_file-decode.c,True,,63,63,63
SemBench/data/loop3_1000/code/227-1116_easy_major_element.c,True,,37,37,37
SemBench/data/loop3_1000/code/227-311_tabu.c,True,,144,144,144
SemBench/data/loop3_1000/code/228-26961_algorithm_array_MaxSubSequenceSum_main.c,True,,92,92,92
SemBench/data/loop3_1000/code/228-3093_pthread_sum-matrix-pthread.c,True,,128,128,128
SemBench/data/loop3_1000/code/229-23974_third_party_ffmpeg_tests_rotozoom.c,True,,234,234,234
SemBench/data/loop3_1000/code/229-29628_bubble.c,True,,66,66,66
SemBench/data/loop3_1000/code/229-5139_Heapsort.c,True,,54,54,54
SemBench/data/loop3_1000/code/230-30976_mpi_Matrix_multiplication_serialMult.c,True,,37,37,37
SemBench/data/loop3_1000/code/232-33219_tests_XACC_C-Square_shadow-reflect_reflect_array4d_dist4d_lxux.c,True,,428,428,428
SemBench/data/loop3_1000/code/233-13405_AVL_avl2.c,True,,161,161,161
SemBench/data/loop3_1000/code/233-15286_software_benchmarks_matrix.c,True,,45,45,45
SemBench/data/loop3_1000/code/233-18774_v0100_tests_picoc_16.c,True,,16,16,16
SemBench/data/loop3_1000/code/233-25182_external_valgrind_main_none_tests_amd64_avx-1.c,True,,2209,2209,2209
SemBench/data/loop3_1000/code/233-33797_C_removeDuplicates.c,True,,59,59,59
SemBench/data/loop3_1000/code/234-18531_UNIX_Exams_20140715_binomial.c,True,,171,171,171
SemBench/data/loop3_1000/code/234-24056_challenge_9_C_karanchawla_src_challenge9.c,True,,47,47,47
SemBench/data/loop3_1000/code/234-24632_tests_csmith_rand22.c,True,,88,88,88
SemBench/data/loop3_1000/code/234-34246_language_c_storage_floatwrite.c,True,,63,63,63
SemBench/data/loop3_1000/code/234-8643_test_resources_pragma_nesting.c,True,,36,36,36
SemBench/data/loop3_1000/code/234-8853_ccpp_715_day1_A-3.c,True,,13,13,13
SemBench/data/loop3_1000/code/235-23028_source_gcc-latest_gcc_testsuite_c-c++-common_goacc_tile.c,True,,298,298,298
SemBench/data/loop3_1000/code/235-34587_source_gcc-latest_gcc_testsuite_gcc.dg_pr61529.c,True,,19,19,19
SemBench/data/loop3_1000/code/236-22979_Blank.c,True,,19,19,19
SemBench/data/loop3_1000/code/236-27527_example_prime.c,True,,34,34,34
SemBench/data/loop3_1000/code/236-8708_src_truncate.c,True,,129,129,129
SemBench/data/loop3_1000/code/237-1637_ioccc_2012_omoikane_nyaruko.c,True,,43,43,43
SemBench/data/loop3_1000/code/237-30835_2017-1_lab9_pde_c_convection.c,True,,54,54,54
SemBench/data/loop3_1000/code/237-610_B_28_Julian_Stoev_homework_3_task_1.c,True,,15,15,15
SemBench/data/loop3_1000/code/238-18481_app19_list_graph.c,True,,72,72,72
SemBench/data/loop3_1000/code/238-6986_src_font_convgbmap.c,True,,3756,3756,3756
SemBench/data/loop3_1000/code/239-15318_libgomp_testsuite_libgomp.oacc-c-c++-common_declare-vla.c,True,,17,17,17
SemBench/data/loop3_1000/code/239-25469_C_Array_LeetCode0057.c,True,,102,102,102
SemBench/data/loop3_1000/code/239-30565_iconv-detect.c,True,,122,122,122
SemBench/data/loop3_1000/code/239-9512_asttest_tools_mkstring.c,True,,80,80,80
SemBench/data/loop3_1000/code/240-28309_mergesort.c,True,,49,49,49
SemBench/data/loop3_1000/code/241-23739_412-Fizz-Buzz_fizz-buzz.c,True,,71,71,71
SemBench/data/loop3_1000/code/242-15695_diary_solveoutlines_advancepart_13V3.c,True,,31,31,31
SemBench/data/loop3_1000/code/242-24252_Algorithms_BreathFirstSearch.c,True,,63,63,63
SemBench/data/loop3_1000/code/242-24499_1.8_src_maketables.c,True,,138,138,138
SemBench/data/loop3_1000/code/242-2566_pset5_2021_sandbox_practice_4.c,True,,53,53,53
SemBench/data/loop3_1000/code/244-25248_linuxthreads_Examples_ex9.c,True,,65,65,65
SemBench/data/loop3_1000/code/244-29042_lab-05_cond_example.c,True,,101,101,101
SemBench/data/loop3_1000/code/244-887_IOCCC_pi.long.c,True,,11,11,11
SemBench/data/loop3_1000/code/245-167_rudiments_paradiddles.c,True,,30,30,30
SemBench/data/loop3_1000/code/245-23784_code_data_structures_src_list_skip_list_skip_list.c,True,,143,143,143
SemBench/data/loop3_1000/code/246-16065_test_bug-lockuse.c,True,,27,27,27
SemBench/data/loop3_1000/code/246-24190_soc_plasma_vhdl_plasma_core_tools_count.c,True,,147,147,147
SemBench/data/loop3_1000/code/247-1004_strcat.c,True,,44,44,44
SemBench/data/loop3_1000/code/247-1248_three2b.c,True,,50,50,50
SemBench/data/loop3_1000/code/247-7200_merge_sort.c,True,,45,45,45
SemBench/data/loop3_1000/code/248-13305_hm.c,True,,87,87,87
SemBench/data/loop3_1000/code/248-33439_src_BaseConversion.c,True,,150,150,150
SemBench/data/loop3_1000/code/248-4845_algorithms_sorting_bubble_sort.c,True,,68,68,68
SemBench/data/loop3_1000/code/249-20750_merge-sort.c,True,,54,54,54
SemBench/data/loop3_1000/code/249-34193_algorithms_sorting_find_kth_element.c,True,,93,93,93
SemBench/data/loop3_1000/code/250-13071_list_reverse_list.c,True,,50,50,50
SemBench/data/loop3_1000/code/250-25204_apue_j.c,True,,32,32,32
SemBench/data/loop3_1000/code/250-26599_c_sysCall_fuc.c,True,,25,25,25
SemBench/data/loop3_1000/code/250-34800_other_floyd.c,True,,63,63,63
SemBench/data/loop3_1000/code/250-6843_Bootsektor_bootloader.c,True,,16,16,16
SemBench/data/loop3_1000/code/252-19878_InfoEx3_3-2_ex1.c,True,,61,61,61
SemBench/data/loop3_1000/code/252-28723_external_valgrind_main_none_tests_amd64_pcmpstr64.c,True,,939,939,939
SemBench/data/loop3_1000/code/252-3768_complexidadeEXE_quicksort.c,True,,56,56,56
SemBench/data/loop3_1000/code/252-6247_3_Language_c_and_address_homework1_141_17.c,True,,59,59,59
SemBench/data/loop3_1000/code/253-1141_ch3_3-01-binsearch.c,True,,62,62,62
SemBench/data/loop3_1000/code/253-12786_algorithm_sort_heapsort_2.c,True,,42,42,42
SemBench/data/loop3_1000/code/253-1757_libfpfd-dpd_dpdtable.c,True,,90,90,90
SemBench/data/loop3_1000/code/253-18676_LinkedList.c,True,,146,146,146
SemBench/data/loop3_1000/code/253-22418_tests_csmith_rand46.c,True,,88,88,88
SemBench/data/loop3_1000/code/254-10524_drivers_md_mktables.c,True,,90,90,90
SemBench/data/loop3_1000/code/254-7898_tests_mergeSort.c,True,,70,70,70
SemBench/data/loop3_1000/code/255-10271_shaker_sort_shaker_sort.c,True,,36,36,36
SemBench/data/loop3_1000/code/255-12840_tests_XACC_C_shadow-reflect_reflect_array4d_dist4d.c,True,,191,191,191
SemBench/data/loop3_1000/code/256-21326_c-htp_ch06_fig06_11.c,True,,40,40,40
SemBench/data/loop3_1000/code/256-9793_src_C_programs_Algorithms_src_str_permut.c,True,,61,61,61
SemBench/data/loop3_1000/code/257-15468_Graphs_breadth_first_search.c,True,,87,87,87
SemBench/data/loop3_1000/code/258-17068_Chapter3_3-01_binsearch.c,True,,52,52,52
SemBench/data/loop3_1000/code/259-1272_books_csapp_ch02_reverse_array.c,True,,22,22,22
SemBench/data/loop3_1000/code/259-8306_src_c_books_programming_in_c_chapters_ch07_src_ch07ex14.c,True,,35,35,35
SemBench/data/loop3_1000/code/260-10162_matrix_sum.c,True,,44,44,44
SemBench/data/loop3_1000/code/260-16084_double_link.c,True,,193,193,193
SemBench/data/loop3_1000/code/261-10731_11-mutex_mutex06.c,True,,66,66,66
SemBench/data/loop3_1000/code/261-24924_DSA_Misc_luhn.c,True,,46,46,46
SemBench/data/loop3_1000/code/261-4109_73_set_matrix_zero.c,True,,51,51,51
SemBench/data/loop3_1000/code/262-13040_tests_gcc.dg_torture_pr47383.c,True,,27,27,27
SemBench/data/loop3_1000/code/263-19014_ch10p529pe5.c,True,,29,29,29
SemBench/data/loop3_1000/code/263-24653_06C_ex1_6.c,True,,22,22,22
SemBench/data/loop3_1000/code/264-17089_perlin_2d_lut.c,True,,29,29,29
SemBench/data/loop3_1000/code/264-23931_Code_Structures_events_per_month.c,True,,36,36,36
SemBench/data/loop3_1000/code/265-31443_data_structures_strings_reverse_words.c,True,,37,37,37
SemBench/data/loop3_1000/code/266-25421_scripts_hexdump.c,True,,109,109,109
SemBench/data/loop3_1000/code/266-30566_Programme_euklid.c,True,,18,18,18
SemBench/data/loop3_1000/code/267-22805_tools_crc32_lookup.c,True,,34,34,34
SemBench/data/loop3_1000/code/267-29943_LinkedList.c,True,,70,70,70
SemBench/data/loop3_1000/code/268-14375_ssearch.c,True,,23,23,23
SemBench/data/loop3_1000/code/268-15338_C_Greedy_LeetCode0011.c,True,,21,21,21
SemBench/data/loop3_1000/code/268-16911_Semester_1_CS501_Day8_Maximum_Subarray_problem_max_algo1.c,True,,25,25,25
SemBench/data/loop3_1000/code/268-18295_C_easy_e323.c,True,,50,50,50
SemBench/data/loop3_1000/code/268-32204_COP3530_Samples_Pointers_Pointer4.c,True,,34,34,34
SemBench/data/loop3_1000/code/268-33018_libgomp_testsuite_libgomp.hsa.c_bits-insns.c,True,,58,58,58
SemBench/data/loop3_1000/code/269-12709_test_malloc-to-mmap.c,True,,31,31,31
SemBench/data/loop3_1000/code/269-21081_CHTP_ex7.16.c,True,,68,68,68
SemBench/data/loop3_1000/code/270-32940_tools_density_grid.c,True,,35,35,35
SemBench/data/loop3_1000/code/270-33472_c_p085.c,True,,33,33,33
SemBench/data/loop3_1000/code/270-5135_CLab_DataStruct_Sort_Quick_Sort_quick_sort.c,True,,45,45,45
SemBench/data/loop3_1000/code/271-14216_src_eleva2.c,True,,49,49,49
SemBench/data/loop3_1000/code/271-18026_test_303-verification-stress_classes-gen.c,True,,46,46,46
SemBench/data/loop3_1000/code/272-19590_src_lib_labirynth.c,True,,65,65,65
SemBench/data/loop3_1000/code/272-22225_16projects_16116_c_vg101_lab5_q2_test1.c,True,,27,27,27
SemBench/data/loop3_1000/code/272-6119_c-intro_iterative-factorial-by-reference.c,True,,32,32,32
SemBench/data/loop3_1000/code/273-20331_tests_pointer_201712_02_2.c,True,,27,27,27
SemBench/data/loop3_1000/code/274-12106_aho-corasick_ac.c,True,,192,192,192
SemBench/data/loop3_1000/code/274-23013_source_gcc-latest_libgomp_testsuite_libgomp.c_debug-1.c,True,,148,148,148
SemBench/data/loop3_1000/code/274-29385_c_src_lib_libbsp_arm_nds_tools_bin2s.c,True,,106,106,106
SemBench/data/loop3_1000/code/274-9570_c20_p2.c,True,,28,28,28
SemBench/data/loop3_1000/code/275-32406_maximum_subarray_max_sub.c,True,,54,54,54
SemBench/data/loop3_1000/code/275-34470_tdebug-llvm_clang_test_Profile_c-general.c,True,,184,184,184
SemBench/data/loop3_1000/code/276-11963_disk_tools_mkdata_mkdata.c,True,,38,38,38
SemBench/data/loop3_1000/code/276-35065_iconvdata_tst-loading.c,True,,137,137,137
SemBench/data/loop3_1000/code/277-11896_C-examples_pointers-and-arrays_array-bounds.c,True,,22,22,22
SemBench/data/loop3_1000/code/277-24532_compiler_llvm_projects_compiler-rt_test_profile_Inputs_instrprof-value-prof-real.c,True,,38,38,38
SemBench/data/loop3_1000/code/277-26909_2016年_4月_C语言第一周加强版练习_我的答案_Practice_Practice_2.矩阵反转.c,True,,23,23,23
SemBench/data/loop3_1000/code/277-6404_compiled_C_Euler_Problem-060.c,True,,1459,1459,1459
SemBench/data/loop3_1000/code/277-7374_qsort.c,True,,49,49,49
SemBench/data/loop3_1000/code/277-7961_1_c_structure_窦士涵_常见排序算法_选择排序.c,True,,26,26,26
SemBench/data/loop3_1000/code/278-16056_test_cases_mapper.core.1.c,True,,43,43,43
SemBench/data/loop3_1000/code/278-30678_ffmpeg_tools_qt-faststart.c,True,,272,272,272
SemBench/data/loop3_1000/code/280-16915_LinearList_C_circular_linked_list.c,True,,138,138,138
SemBench/data/loop3_1000/code/280-25113_examples_strsplit.c,True,,109,109,109
SemBench/data/loop3_1000/code/280-34855_siag_roman.c,True,,176,176,176
SemBench/data/loop3_1000/code/281-30377_gcc_testsuite_gcc.dg_tree-prof_val-profiler-threads-1.c,True,,33,33,33
SemBench/data/loop3_1000/code/282-15438_Various_bucketSort.c,True,,50,50,50
SemBench/data/loop3_1000/code/283-15934_benchmarks_1.c,True,,54,54,54
SemBench/data/loop3_1000/code/283-29868_external_valgrind_main_none_tests_amd64_bug137714-amd64.c,True,,98,98,98
SemBench/data/loop3_1000/code/285-16828_piscine_d06_ex04_ft_sort_params.c,True,,63,63,63
SemBench/data/loop3_1000/code/286-24646_example_foo.c,True,,23,23,23
SemBench/data/loop3_1000/code/286-30989_contents_gaussian_elimination_code_c_gaussian_elimination.c,True,,91,91,91
SemBench/data/loop3_1000/code/287-17915_coroutine_test.c,True,,60,60,60
SemBench/data/loop3_1000/code/287-23175_valgrind_none_tests_mips64_cvm_atomic.c,True,,247,247,247
SemBench/data/loop3_1000/code/287-29015_mpi_lab-1_lab1.simple.c,True,,80,80,80
SemBench/data/loop3_1000/code/288-18885_B_11_Emiliqn_Gospodinov_homework_3_task_1.c,True,,19,19,19
SemBench/data/loop3_1000/code/288-19359_common_nchoosek.c,True,,34,34,34
SemBench/data/loop3_1000/code/288-201_chapter10_exce12.c,True,,34,34,34
SemBench/data/loop3_1000/code/288-21213_InfoEx3_1-3_ex2-1_czp.c,True,,35,35,35
SemBench/data/loop3_1000/code/288-24520_JobDu_1060.c,True,,38,38,38
SemBench/data/loop3_1000/code/289-14428_kermit_k95_klogin.c,True,,84,84,84
SemBench/data/loop3_1000/code/289-25308_exer_listas_lista-duplamente-encadeada.c,True,,130,130,130
SemBench/data/loop3_1000/code/290-26674_UNIX_Lab2_lab2_1.c,True,,94,94,94
SemBench/data/loop3_1000/code/290-28188_linkedlists.c,True,,205,205,205
SemBench/data/loop3_1000/code/292-27268_MNO_entrega_tareas_de_C_tarea3_107882Tarea3_mnoTarea3.c,True,,56,56,56
SemBench/data/loop3_1000/code/292-35464_Chapter3_shellsort_shellsort.c,True,,23,23,23
SemBench/data/loop3_1000/code/292-3934_10V_Kaloyan_Valkov_16_Homework_2_Homework2_Lucas_and_Prime.c,True,,51,51,51
SemBench/data/loop3_1000/code/294-13489_20150518-30_20150518-30_main.c,True,,30,30,30
SemBench/data/loop3_1000/code/294-21030_c_problem_four.c,True,,44,44,44
SemBench/data/loop3_1000/code/295-18672_gcc_testsuite_gcc.dg_bf-ms-layout-5.c,True,,40,40,40
SemBench/data/loop3_1000/code/295-6188_linuxC_1-11al.c,True,,29,29,29
SemBench/data/loop3_1000/code/295-8004_Algorithm_collection_coin_change.c,True,,26,26,26
SemBench/data/loop3_1000/code/296-19209_libgomp_testsuite_libgomp.c_pr79940.c,True,,45,45,45
SemBench/data/loop3_1000/code/296-29290_drd_tests_pth_detached_sem.c,True,,62,62,62
SemBench/data/loop3_1000/code/296-5141_gcc_testsuite_gcc.c-torture_execute_pr97421-2.c,True,,14,14,14
SemBench/data/loop3_1000/code/297-23634_DSA06-List_codes_dlist_doublell.c,True,,89,89,89
SemBench/data/loop3_1000/code/297-26113_Practice_exception_handling_exception_handling.c,True,,28,28,28
SemBench/data/loop3_1000/code/297-31844_PSER_punteros3.c,True,,22,22,22
SemBench/data/loop3_1000/code/299-12964_other_tmp_Introduction-to-Algorithms_algo_indroduce_part1_sort.c,True,,181,181,181
SemBench/data/loop3_1000/code/299-21390_examples_lu_lu_data.c,True,,43,43,43
SemBench/data/loop3_1000/code/299-35144_shSoundScape_testCode_pPass.c,True,,25,25,25
SemBench/data/loop3_1000/code/299-4791_unix_linux_c_cpp_test_c_addr.c,True,,71,71,71
SemBench/data/loop3_1000/code/299-8480_linux_string_strpbrk.c,True,,57,57,57
SemBench/data/loop3_1000/code/300-16812_file_numberoflines.c,True,,92,92,92
SemBench/data/loop3_1000/code/300-18876_DATASTRUCTURE_dataStructureHW5_dataStructureHW5_arrOperation.c,True,,192,192,192
SemBench/data/loop3_1000/code/300-21540_kadai6_kadai6.c,True,,34,34,34
SemBench/data/loop3_1000/code/300-21697_string_string-contain_1.2：字符串是否包含问题.c,True,,268,268,268
SemBench/data/loop3_1000/code/301-3041_funcpointer_sort_funcpointer_sort.c,True,,33,33,33
SemBench/data/loop3_1000/code/301-663_pg30.c,True,,14,14,14
SemBench/data/loop3_1000/code/302-24883_valgrind-r12356_helgrind_tests_tc14_laog_dinphils.c,True,,30,30,30
SemBench/data/loop3_1000/code/302-34147_comp_arithderivative.c,True,,60,60,60
SemBench/data/loop3_1000/code/302-3933_olderProblemSet_loop.c,True,,21,21,21
SemBench/data/loop3_1000/code/302-7336_tests_openacc_parallel_parallel_bug_2.c,True,,35,35,35
SemBench/data/loop3_1000/code/303-13035_FIFO_main.c,True,,49,49,49
SemBench/data/loop3_1000/code/303-1467_c_data-struct_sort_list_sort_main.c,True,,58,58,58
SemBench/data/loop3_1000/code/304-16111_Chapter3_3-04_itoa.c,True,,42,42,42
SemBench/data/loop3_1000/code/304-27195_ListaEncadeada.c,True,,88,88,88
SemBench/data/loop3_1000/code/304-31836_src_codeV2.c,True,,114,114,114
SemBench/data/loop3_1000/code/304-33601_include_llvm_projects_test-suite_SingleSource_Benchmarks_Stanford_Treesort.c,True,,113,113,113
SemBench/data/loop3_1000/code/304-9572_C_algorithm_bfsMaze.c,True,,191,191,191
SemBench/data/loop3_1000/code/305-17631_test_C_source_WCET_cover.c,True,,228,228,228
SemBench/data/loop3_1000/code/305-22397_os_0102.c,True,,102,102,102
SemBench/data/loop3_1000/code/305-7304_examples_program3.c,True,,50,50,50
SemBench/data/loop3_1000/code/306-25405_c_problems_unique.c,True,,57,57,57
SemBench/data/loop3_1000/code/306-30273_SearchRomania.c,True,,280,280,280
SemBench/data/loop3_1000/code/306-30799_math_squre_root_compute_square_root_v1.1_square_root.c,True,,53,53,53
SemBench/data/loop3_1000/code/307-26331_String_RabinKarpAlgorithm_rabin.c,True,,61,61,61
SemBench/data/loop3_1000/code/307-34513_Bubble_Sort_bubble_sort_v2.c,True,,30,30,30
SemBench/data/loop3_1000/code/308-23055_tests_pointer_201712_02_3.c,True,,65,65,65
SemBench/data/loop3_1000/code/308-26792_tests_gcc.c-torture_pr37573.c,True,,57,57,57
SemBench/data/loop3_1000/code/308-29116_c_quicksort.c,True,,61,61,61
SemBench/data/loop3_1000/code/308-6457_base_probe_examples_advanced.c,True,,33,33,33
SemBench/data/loop3_1000/code/309-12248_ch3_expand.c,True,,33,33,33
SemBench/data/loop3_1000/code/309-16916_test_programs_nested_nested5.c,True,,21,21,21
SemBench/data/loop3_1000/code/309-23722_assignment-2_final_source_q5.c,True,,48,48,48
SemBench/data/loop3_1000/code/309-32502_mupdf_fontdump.c,True,,69,69,69
SemBench/data/loop3_1000/code/310-29211_circular_linked_list.c,True,,121,121,121
SemBench/data/loop3_1000/code/310-30078_recurse.c,True,,105,105,105
SemBench/data/loop3_1000/code/310-4366_sorts_merge-sort.c,True,,43,43,43
SemBench/data/loop3_1000/code/311-29054_src_fec_src_c_ones_mod2_gentab.c,True,,29,29,29
SemBench/data/loop3_1000/code/311-5695_p1-9_p4.c,True,,30,30,30
SemBench/data/loop3_1000/code/312-13860_compiled_C_Euler_Problem-034.c,True,,91,91,91
SemBench/data/loop3_1000/code/313-25365_permutation_and_combination_choose_choose_idea1_other1.c,True,,20,20,20
SemBench/data/loop3_1000/code/313-33885_interview_btree.c,True,,191,191,191
SemBench/data/loop3_1000/code/313-5980_sspark_2016_08_p1147.c,True,,6,6,6
SemBench/data/loop3_1000/code/314-31715_003-Poisson-Neumann-Rect_poisson-neumann-rect.c,True,,77,77,77
SemBench/data/loop3_1000/code/315-13846_gcc_testsuite_c-c++-common_goacc_cache-2.c,True,,45,45,45
SemBench/data/loop3_1000/code/315-28133_clrs_solution_code_find_max_subarray.c,True,,147,147,147
SemBench/data/loop3_1000/code/316-18142_tests_pointer_201712_02_1.c,True,,45,45,45
SemBench/data/loop3_1000/code/316-23045_valgrind_massif_tests_pages_as_heap.c,True,,26,26,26
SemBench/data/loop3_1000/code/316-25858_uefi_gcc_gcc-4.6.3_gcc_testsuite_gcc.dg_graphite_pr46761.c,True,,16,16,16
SemBench/data/loop3_1000/code/317-33681_malloc_tst-calloc.c,True,,67,67,67
SemBench/data/loop3_1000/code/317-3940_gcc_testsuite_gcc.dg_torture_pr79088.c,True,,20,20,20
SemBench/data/loop3_1000/code/317-5176_UE_S1_IPI_tp5_main.c,True,,243,243,243
SemBench/data/loop3_1000/code/318-1777_language_chapter3_ex34.c,True,,50,50,50
SemBench/data/loop3_1000/code/318-23995_10G_Dimitar_Terziev_9_Homework2-TwinPrimes.c,True,,33,33,33
SemBench/data/loop3_1000/code/319-14592_psolve.c,True,,294,294,294
SemBench/data/loop3_1000/code/321-6751_Chapter4_ex04_25.c,True,,32,32,32
SemBench/data/loop3_1000/code/322-12348_src_lexical_type_map1.c,True,,109,109,109
SemBench/data/loop3_1000/code/322-23624_Various_bubbleSort.c,True,,39,39,39
SemBench/data/loop3_1000/code/322-2432_c_string_strtok.c,True,,59,59,59
SemBench/data/loop3_1000/code/322-34665_gerador_geradorDesconexo.c,True,,58,58,58
SemBench/data/loop3_1000/code/322-9581_exp_invs_c_programs_invgen_seq-len_inception__inst_by_claims__daikon__seq_len_cl7.c,True,,38,38,38
SemBench/data/loop3_1000/code/323-1627_tests_regression_basic_concurrent-create.c,True,,67,67,67
SemBench/data/loop3_1000/code/323-31586_c_number.c,True,,23,23,23
SemBench/data/loop3_1000/code/325-15818_javacx.c,True,,164,164,164
SemBench/data/loop3_1000/code/325-27015_singlylinkedlist.c,True,,97,97,97
SemBench/data/loop3_1000/code/325-30207_goldbach.c,True,,62,62,62
SemBench/data/loop3_1000/code/326-13293_lab-4_04.c,True,,59,59,59
SemBench/data/loop3_1000/code/326-21422_examples_fence-performance_tests_szymanski2_musketeer.c,True,,43,43,43
SemBench/data/loop3_1000/code/326-26009_gcc_testsuite_gcc.dg_torture_pr80764.c,True,,12,12,12
SemBench/data/loop3_1000/code/326-29897_leetcode_zigzag-conversion.c,True,,33,33,33
SemBench/data/loop3_1000/code/327-10376_exercises_ex07_hash.c,True,,221,221,221
SemBench/data/loop3_1000/code/327-15180_gcc_testsuite_consistency.vlad_layout_f-21-5-26.c,True,,28,28,28
SemBench/data/loop3_1000/code/327-25166_c_PracticeSessions_session1_linkedlist.c,True,,45,45,45
SemBench/data/loop3_1000/code/328-11702_right_rotate_array_k_times_right_rotate_array_k_times.c,True,,134,134,134
SemBench/data/loop3_1000/code/328-16146_算法练习_005-线性表删除_main.c,True,,43,43,43
SemBench/data/loop3_1000/code/328-33099_Session4_largest_sub_array_2.c,True,,46,46,46
SemBench/data/loop3_1000/code/329-13457_prime_c-pthread_prime7.c,True,,141,141,141
SemBench/data/loop3_1000/code/329-30866_Interview_docs_sort.c,True,,98,98,98
SemBench/data/loop3_1000/code/329-33425_src_Chapter-3_Exercices_Exercise-3-4.c,True,,38,38,38
SemBench/data/loop3_1000/code/329-33595_courses_lessons_sm2_bench_arrs.c,True,,80,80,80
SemBench/data/loop3_1000/code/330-10720_gcc_testsuite_gcc.dg_graphite_pr83668.c,True,,27,27,27
SemBench/data/loop3_1000/code/331-1089_src_tools_testdaa.c,True,,67,67,67
SemBench/data/loop3_1000/code/331-25205_C32-String-Matching_FA.c,True,,82,82,82
SemBench/data/loop3_1000/code/332-12893_Algorithmn_Analysis_DP_LCS_LCS.c,True,,86,86,86
SemBench/data/loop3_1000/code/332-19887_Code_Graph_SingleSourceShortestPath_generateBench.c,True,,34,34,34
SemBench/data/loop3_1000/code/332-27733_tests_gcc.dg_torture_pr63464.c,True,,83,83,83
SemBench/data/loop3_1000/code/332-28468_A_14_Ivan-Asen_Ovedenski_Homework_4_reverse_number.c,True,,54,54,54
SemBench/data/loop3_1000/code/333-25262_leetcode_c_011.c,True,,30,30,30
SemBench/data/loop3_1000/code/333-30505_C_src_insertionsort.c,True,,33,33,33
SemBench/data/loop3_1000/code/333-7166_main.c,True,,209,209,209
SemBench/data/loop3_1000/code/334-31389_ejercicios_tema3_1.4.matrices.c,True,,47,47,47
SemBench/data/loop3_1000/code/334-33901_AI_BattagliaNavale_old.c,True,,136,136,136
SemBench/data/loop3_1000/code/334-6783_x.c,True,,63,63,63
SemBench/data/loop3_1000/code/334-9471_trunk_code_study_cpp_opencl_OpenCL异构并行编程实战_4520OT_Code_src_Ch5_histogram_c_histogram.c,True,,22,22,22
SemBench/data/loop3_1000/code/335-1455_KR_misc.c,True,,44,44,44
SemBench/data/loop3_1000/code/335-28472_Diavoli_Diavoli7.c,True,,76,76,76
SemBench/data/loop3_1000/code/336-14222_c_237_delete_node_in_a_linked_list.c,True,,64,64,64
SemBench/data/loop3_1000/code/336-14352_16projects_16115_c_Algorithm_search_test2.1.c,True,,49,49,49
SemBench/data/loop3_1000/code/336-25863_ch3_3-04_itoa2.c,True,,44,44,44
SemBench/data/loop3_1000/code/336-28881_Ano3_SO_set01_6.c,True,,41,41,41
SemBench/data/loop3_1000/code/336-4902_random_pieces_printIntVectors_printIntVector.c,True,,36,36,36
SemBench/data/loop3_1000/code/337-29342_C_nombresDiosHB.c,True,,67,67,67
SemBench/data/loop3_1000/code/337-9021_longestPalindrome.c,True,,49,49,49
SemBench/data/loop3_1000/code/338-12384_ch3_3-04-itoa.c,True,,40,40,40
SemBench/data/loop3_1000/code/338-14904_solutions_12_2-4_partitionList-.c,True,,59,59,59
SemBench/data/loop3_1000/code/338-18554_Scheduling_Algorithm_C_Non_Preemptive_First_Come_First_Served.c,True,,23,23,23
SemBench/data/loop3_1000/code/338-23465_src_program_structures_repetition_c_for_loops_sample_for_loops.c,True,,14,14,14
SemBench/data/loop3_1000/code/338-32488_terceira_lista-vetor_ex_15_remove_0_do_vetor.c,True,,29,29,29
SemBench/data/loop3_1000/code/338-34407_compiled_C_Euler_Problem-017.c,True,,148,148,148
SemBench/data/loop3_1000/code/338-9075_gcc_testsuite_consistency.vlad_layout_f-18-4-17.c,True,,28,28,28
SemBench/data/loop3_1000/code/339-10051_ch2_ex2-4.c,True,,110,110,110
SemBench/data/loop3_1000/code/339-4840_C_C++_C语言_C语言程序课后习题（第三版）_第七章_数组_输出图形.c,True,,13,13,13
SemBench/data/loop3_1000/code/340-16366_benchmarks_ns.c,True,,400,400,400
SemBench/data/loop3_1000/code/340-23639_Fig6.13.c,True,,36,36,36
SemBench/data/loop3_1000/code/341-22011_AlgoritmosOrdenacao_AlgoQuickWikipedia.c,True,,46,46,46
SemBench/data/loop3_1000/code/341-5653_Book_Recursion_Problem_sortable.c,True,,110,110,110
SemBench/data/loop3_1000/code/342-5443_Practice_XORliNKEDlIST_XDLL.c,True,,120,120,120
SemBench/data/loop3_1000/code/343-16889_sastantua_ex00_sastantua.raw.c,True,,79,79,79
SemBench/data/loop3_1000/code/343-25423_Cpp_Test_MinTravelCostTest_src_MinTravelCostTest.c,True,,139,139,139
SemBench/data/loop3_1000/code/343-7637_gcc_testsuite_gcc.dg_vect_pr85586.c,True,,35,35,35
SemBench/data/loop3_1000/code/344-12144_tests_openacc_kernels_kernels_data.c,True,,103,103,103
SemBench/data/loop3_1000/code/344-13736_tests_goubault_test4.c,True,,18,18,18
SemBench/data/loop3_1000/code/344-22633_Cpp_Test_MergeTwoSortedWithoutExtracSpace_src_MergeTwoSortedWithoutExtracSpace.c,True,,98,98,98
SemBench/data/loop3_1000/code/344-8465_niukewang_link_quick_sort.c,True,,41,41,41
SemBench/data/loop3_1000/code/345-15503_tests_csmith_rand21.c,True,,382,382,382
SemBench/data/loop3_1000/code/345-18736_libgomp_testsuite_libgomp.c-c++-common_pr66199-14.c,True,,33,33,33
SemBench/data/loop3_1000/code/345-2072_chapter32-string_match_KMP.c,True,,47,47,47
SemBench/data/loop3_1000/code/345-7538_libgomp_testsuite_libgomp.oacc-c-c++-common_kernels-private-vars-loop-vector-2.c,True,,37,37,37
SemBench/data/loop3_1000/code/346-28768_euler_p24.c,True,,68,68,68
SemBench/data/loop3_1000/code/347-20501_Chapter6_ex06_14.c,True,,107,107,107
SemBench/data/loop3_1000/code/347-22606_prolang2_ex4_ex4-6.c,True,,70,70,70
SemBench/data/loop3_1000/code/347-25269_e1_exeps.c,True,,118,118,118
SemBench/data/loop3_1000/code/348-19398_libgomp_testsuite_libgomp.oacc-c-c++-common_reduction-cplx-dbl.c,True,,89,89,89
SemBench/data/loop3_1000/code/348-24935_uefi_gcc_gcc-4.6.3_libgomp_testsuite_libgomp.graphite_force-parallel-6.c,True,,26,26,26
SemBench/data/loop3_1000/code/348-28681_Chapter12_ex12_08.c,True,,134,134,134
SemBench/data/loop3_1000/code/348-33277_Sorting_quicksort.c,True,,37,37,37
SemBench/data/loop3_1000/code/349-14280_code_Prime.c,True,,25,25,25
SemBench/data/loop3_1000/code/349-16139_sort_bubble_sort_c_bubble.c,True,,39,39,39
SemBench/data/loop3_1000/code/349-20147_bubble.c,True,,36,36,36
SemBench/data/loop3_1000/code/349-22483_compiled_C_Euler_Problem-053.c,True,,71,71,71
SemBench/data/loop3_1000/code/349-8221_chapter32-string_match_FA.c,True,,77,77,77
SemBench/data/loop3_1000/code/349-9437_Chapter6_ex06_10.c,True,,61,61,61
SemBench/data/loop3_1000/code/350-23022_tp1_3.1.c,True,,59,59,59
SemBench/data/loop3_1000/code/351-11809_sort_shell_sort.c,True,,35,35,35
SemBench/data/loop3_1000/code/351-18616_uw_cse351_lab4_cacheExperiment.c,True,,19,19,19
SemBench/data/loop3_1000/code/351-23239_Algorithms_reverseKGroup.c,True,,48,48,48
SemBench/data/loop3_1000/code/351-24519_B_25_Radostin_Angelov_homework_4_christmas_tree.c,True,,29,29,29
SemBench/data/loop3_1000/code/352-13239_2_2.30.c,True,,84,84,84
SemBench/data/loop3_1000/code/352-14856_C-examples_pointers-and-arrays_2d-arrays.c,True,,29,29,29
SemBench/data/loop3_1000/code/352-15992_lib_dotgen2_radix1.c,True,,71,71,71
SemBench/data/loop3_1000/code/352-19521_libgomp_testsuite_libgomp.oacc-c-c++-common_reduction-cplx-flt.c,True,,89,89,89
SemBench/data/loop3_1000/code/352-27579_gcc_testsuite_gcc.dg_fpomit-8.c,True,,59,59,59
SemBench/data/loop3_1000/code/353-12864_C_nombresDios1_5.c,True,,78,78,78
SemBench/data/loop3_1000/code/353-23879_array.c,True,,20,20,20
SemBench/data/loop3_1000/code/353-29823_books_cs_general-purpose-algorithms_introduction-to-algorithms_3rd-edition_chapter8_C_bucket_sort.c,True,,69,69,69
SemBench/data/loop3_1000/code/353-4149_algo_5activity.c,True,,80,80,80
SemBench/data/loop3_1000/code/353-4908_csie_13parllel-programming_omp3-2.c,True,,35,35,35
SemBench/data/loop3_1000/code/354-4886_chapter_3_exercise_3-4.c,True,,38,38,38
SemBench/data/loop3_1000/code/355-12422_test_data-structure_list.c,True,,59,59,59
SemBench/data/loop3_1000/code/355-15052_c_88_merge_sorted_array.c,True,,50,50,50
SemBench/data/loop3_1000/code/355-15227_Code_Nodes_kallom_practice.c,True,,143,143,143
SemBench/data/loop3_1000/code/355-2344_CLearning_CPrimerPlus_chap10_array2d.c,True,,50,50,50
SemBench/data/loop3_1000/code/355-32158_simple_threads.c,True,,49,49,49
SemBench/data/loop3_1000/code/355-4732_exp_invs_c_programs_invgen_seq-len_inception__inst_by_claims__daikon__seq_len_cl9.c,True,,38,38,38
SemBench/data/loop3_1000/code/356-20656_instances_count_bits_in_array_brute_force.c,True,,34,34,34
SemBench/data/loop3_1000/code/356-30426_Applications_util_echo.c,True,,46,46,46
SemBench/data/loop3_1000/code/356-4977_done_DIV2.c,True,,30,30,30
SemBench/data/loop3_1000/code/356-8648_libgomp_testsuite_libgomp.oacc-c-c++-common_kernels-private-vars-local-worker-5.c,True,,38,38,38
SemBench/data/loop3_1000/code/357-29026_c-cpp_24_tree_binarysearchtree.c,True,,165,165,165
SemBench/data/loop3_1000/code/359-28710_os_filosofojantar_jantar_jantar.c,True,,62,62,62
SemBench/data/loop3_1000/code/360-11449_src_libgomp_testsuite_libgomp.c_simd-14.c,True,,118,118,118
SemBench/data/loop3_1000/code/360-16826_gcc_testsuite_gcc.dg_tree-ssa_pr84969.c,True,,46,46,46
SemBench/data/loop3_1000/code/360-22782_9-1-search.c,True,,227,227,227
SemBench/data/loop3_1000/code/360-2648_testsuite_reloc4lib2.c,True,,15,15,15
SemBench/data/loop3_1000/code/362-2706_c_learn-c-the-hard-way_ex15.c,True,,29,29,29
SemBench/data/loop3_1000/code/362-32162_graprof-test_analysisperf2_child.c,True,,23,23,23
SemBench/data/loop3_1000/code/365-17559_mpiPractica3_entrega_sec_multmatrixseq.c,True,,69,69,69
SemBench/data/loop3_1000/code/365-31682_Dynamic_Programming_Get_Max_Apple_get_max_apple.c,True,,61,61,61
SemBench/data/loop3_1000/code/366-1784_CHTP_ex9.8.c,True,,20,20,20
SemBench/data/loop3_1000/code/366-22599_third_party_xz-4.999.9beta_src_liblzma_check_crc64_tablegen.c,True,,57,57,57
SemBench/data/loop3_1000/code/366-8585_gcc_testsuite_consistency.vlad_layout_f-31-4-14.c,True,,28,28,28
SemBench/data/loop3_1000/code/367-27041_c_algorithm_bubble_sort.c,True,,31,31,31
SemBench/data/loop3_1000/code/367-34398_MIPS-Float_alg.c,True,,88,88,88
SemBench/data/loop3_1000/code/368-14554_11-functions-pointers.c,True,,58,58,58
SemBench/data/loop3_1000/code/369-21317_C_CPP_pthread2_main.c,True,,43,43,43
SemBench/data/loop3_1000/code/369-23231_tests_bitwise-benchmarks_Bitwise_jacobi.c,True,,46,46,46
SemBench/data/loop3_1000/code/369-29590_c_xover.c,True,,38,38,38
SemBench/data/loop3_1000/code/370-18847_tests_system_tests_test_cases_test_user-defined-type5.manual.ref.c,True,,43,43,43
SemBench/data/loop3_1000/code/371-23958_miscellaneous_pointers_memory-basics.c,True,,34,34,34
SemBench/data/loop3_1000/code/371-24195_p10-19_p11.c,True,,75,75,75
SemBench/data/loop3_1000/code/371-34376_B_20_Nikolay_Karagyozov_vector_homework_vector.c,True,,146,146,146
SemBench/data/loop3_1000/code/371-3510_none_tests_amd64_avx2-1.c,True,,1273,1273,1273
SemBench/data/loop3_1000/code/372-13565_RomKitchen_nbsplit.c,True,,128,128,128
SemBench/data/loop3_1000/code/372-1462_Others_C_BinaryFileSomething.c,True,,59,59,59
SemBench/data/loop3_1000/code/372-1471_complexity++_fzbz4.c,True,,27,27,27
SemBench/data/loop3_1000/code/372-25231_none_tests_mips32_fpu_branches.c,True,,289,289,289
SemBench/data/loop3_1000/code/372-35291_memcheck_tests_str_tester.c,True,,1249,1249,1249
SemBench/data/loop3_1000/code/373-11860_insertion.c,True,,22,22,22
SemBench/data/loop3_1000/code/373-17095_barrier.c,True,,51,51,51
SemBench/data/loop3_1000/code/373-27760_tests_nestedloop5.c,True,,20,20,20
SemBench/data/loop3_1000/code/373-29447_tests_basic_dowhile.c,True,,21,21,21
SemBench/data/loop3_1000/code/373-9077_exercises_ex07_hash.c,True,,218,218,218
SemBench/data/loop3_1000/code/374-23896_lecture15_sophie_list.c,True,,87,87,87
SemBench/data/loop3_1000/code/374-24403_C_Array_MatrixAsPointer.c,True,,18,18,18
SemBench/data/loop3_1000/code/375-18425_algorithms_C_finite-state-automaton_parser.c,True,,77,77,77
SemBench/data/loop3_1000/code/375-21182_Cpp_Test_FindTwoNonRepeatElements_src_FindTwoNonRepeatElements.c,True,,58,58,58
SemBench/data/loop3_1000/code/375-30981_shellcodes_crypter_PV.c,True,,48,48,48
SemBench/data/loop3_1000/code/375-34816_pset5_2021_sandbox_practice_9.c,True,,83,83,83
SemBench/data/loop3_1000/code/376-14262_source_gcc-latest_gcc_testsuite_gcc.c-torture_execute_pr59643.c,True,,34,34,34
SemBench/data/loop3_1000/code/376-4274_symmetric_AES_create_CPLEX-LP_S_10R.c,True,,45,45,45
SemBench/data/loop3_1000/code/378-12345_lab1_zad6.c,True,,18,18,18
SemBench/data/loop3_1000/code/378-17246_Semester_1_CS501_Day6_findMedianLinearTime.c,True,,60,60,60
SemBench/data/loop3_1000/code/378-23780_2_2.38.c,True,,90,90,90
SemBench/data/loop3_1000/code/378-8993_algorithms_searching_binary_search.c,True,,30,30,30
SemBench/data/loop3_1000/code/380-4278_algorithms_graphs_breadth-first-search_bfs.c,True,,239,239,239
SemBench/data/loop3_1000/code/381-14454_other_sort_bubble_sort.c,True,,30,30,30
SemBench/data/loop3_1000/code/381-26375_test_testcode_tn_testflow_maybe_useful_zufall.c,True,,369,369,369
SemBench/data/loop3_1000/code/381-34574_my_pointer_array.c,True,,16,16,16
SemBench/data/loop3_1000/code/381-9743_bit_graph.c,True,,34,34,34
SemBench/data/loop3_1000/code/382-12502_Level3_atoi_base_ft_atoi_base.c,True,,89,89,89
SemBench/data/loop3_1000/code/382-18497_trabalhos_trabalho_1_trabalho1Emma.c,True,,90,90,90
SemBench/data/loop3_1000/code/382-19748_InfoEx3_1-3_ex2-2_czp.c,True,,35,35,35
SemBench/data/loop3_1000/code/382-5719_code_graph_algorithms_src_prim_minimum_spanning_tree_prim_minimum_spanning_tree.c,True,,119,119,119
SemBench/data/loop3_1000/code/383-1849_examples_fence-performance_tests_r+detours_trencher.c,True,,58,58,58
SemBench/data/loop3_1000/code/383-32477_riscv_llvm_3.5_cfe-3.5.0.src_test_Profile_c-general.c,True,,184,184,184
SemBench/data/loop3_1000/code/384-10355_gcc_testsuite_gcc.dg_tree-prof_pr59003.c,True,,23,23,23
SemBench/data/loop3_1000/code/384-33397_src_tests_misc_for-and-while.c,True,,25,25,25
SemBench/data/loop3_1000/code/385-1156_delay-thread_TestCacheMissTool_test.c,True,,26,26,26
SemBench/data/loop3_1000/code/385-31226_ophiuchus_examples_codebreaker2_elf_tests_multiple_flags_elf.c,True,,25,25,25
SemBench/data/loop3_1000/code/386-1535_MNO_entrega_tareas_de_C_tarea3_oscardaniel88_109417_tarea3.c,True,,60,60,60
SemBench/data/loop3_1000/code/386-26878_tests_csmith_rand62.c,True,,103,103,103
SemBench/data/loop3_1000/code/386-33027_chapter-3-Control-Flow_3.6_itob.c,True,,39,39,39
SemBench/data/loop3_1000/code/387-12860_004_c_src.c,True,,30,30,30
SemBench/data/loop3_1000/code/387-24521_gcc_testsuite_consistency.vlad_layout_f-30-24-30.c,True,,28,28,28
SemBench/data/loop3_1000/code/388-14486_math_gcd_gcd_idea5_way2_step1.c,True,,43,43,43
SemBench/data/loop3_1000/code/389-16291_other_sort_heap_sort.c,True,,39,39,39
SemBench/data/loop3_1000/code/389-16487_Classic_Basic_StringOperation.c,True,,57,57,57
SemBench/data/loop3_1000/code/390-4374_fixture_SrcMLForCpp_input_code_Block3.c,True,,15,15,15
SemBench/data/loop3_1000/code/390-947_hwtests_remtest_mkremtest.c,True,,112,112,112
SemBench/data/loop3_1000/code/391-22085_powerArray.c,True,,34,34,34
SemBench/data/loop3_1000/code/392-29057_bin2c_bin2c.c,True,,142,142,142
SemBench/data/loop3_1000/code/392-30502_tests_07_phases_omp.dg_simd_success_simd_02_serial_saxpy.c,True,,43,43,43
SemBench/data/loop3_1000/code/393-4177_codegen.c,True,,136,136,136
SemBench/data/loop3_1000/code/394-4498_interview_quick_sort.c,True,,31,31,31
SemBench/data/loop3_1000/code/395-25605_sorting_array_sort_Bucket_Sort_method2.c,True,,21,21,21
SemBench/data/loop3_1000/code/396-21093_main_datastructure_sort_bubblesort.c,True,,28,28,28
